"name","syc_authorized","syc_authorization_level","city","state","country"
"Christian Mathys","yes","Level 2","Aarau","Aargau","Switzerland"
"Francisca Paz Vargas Larenas","yes","Level 2","Aarau","Aargau","Switzerland"
"Jesse Gordon","yes","Level 2","Agoura Hills","CA","United States"
"Sayaka Ohba","yes","Level 2","Aichi",NA,"Japan"
"Nicole Lastova","yes","Level 1","Alexandria","VA","United States"
"Marzhan Shotay","yes","Level 1","Almaty",NA,"Kazakhstan"
"Brice Elizabeth Watson","yes","Level 1","Alpharetta","GA","United States"
"Alisa Truong","yes","Level 2","Alpine","CA","United States"
"Naoki Torii","yes","Level 2","Center",NA,"Japan"
"Christopher Patmore","yes","Level 1","Alton",NA,"United Kingdom"
"Frances Cole Jones","yes","Level 1","Amagansett","NY","United States"
"Samantha F. Lucas","yes","Level 1","Amenia","NY","United States"
"Balveer Singh Saran","yes","Level 2","Amman",NA,"Jordan"
"Astrid Sheherazade Goelabdien","yes","Level 1","Amsterdam",NA,"Netherlands"
"Nicholas Presser","yes","Level 2","Amsterdam",NA,"Netherlands"
"Carla Laredo Moreno","yes","Level 1","Andorra La Vella",NA,"Andorra"
"Tayfun Koc","yes","Level 2","Ankara",NA,"Turkey"
"Angela Jamison","yes","Certified","Ann Arbor","MI","United States"
"Jillian Fuleky","yes","Level 2","Ann Arbor","MI","United States"
"Kim Hyeran","yes","Level 2","Ansan","Gyeonggi-do","South Korea"
"Aliya Umirbaeva","yes","Level 2","Antigua","Sacatepequez","Guatemala"
"Caroline Labeur","yes","Level 1","Antwerp",NA,"Belgium"
"Teune van der Wildt","yes","Level 2","Antwerp",NA,"Belgium"
"Ayoung Nam","yes","Level 1","Anyang","Gyeonggi-do","South Korea"
"Mary Margaret “Maggie” Lively","yes","Level 1","Arlington","VA","United States"
"Tina Bock","yes","Level 2","Asbury Park","NJ","United States"
"Pratham Aswal","yes","Level 2","New Delhi",NA,"India"
"Yun Jin Heo","yes","Level 2","Incheon",NA,"South Korea"
"Jake Barr","yes","Level 1","Bundagen","NSW","Australia"
"Pamela Luther","yes","Level 2","Bundagen","NSW","Australia"
"Yerang Min","yes","Level 2","Daejeon",NA,"South Korea"
"Maria Mora (Teté)","yes","Level 2","Guadalajara","Jalisco","Mexico"
"Yeong Lee","yes","Level 2",NA,NA,"South Korea"
"Tenzing Tseten","yes","Level 1","Pondicherry",NA,"India"
"Choi Hyo Jin","yes","Level 2","Seoul",NA,"South Korea"
"Sandi Rakhimbayeva","yes","Level 2","Almaty",NA,"Kazakhstan"
"Gabriele (Gabi) Neubert","yes","Level 1","Kempten","Bavaria","Germany"
"Eloisa Fernandez Iskandar","yes","Level 2","Maastricht","Limburg","Netherlands"
"Zaira Gomez","yes","Level 2","Mexico City",NA,"Mexico"
"Vania Passini","yes","Level 1","Modena",NA,"Italy"
"Dr. Sowmya Subramanyam","yes","Level 1","Mysore","Karnataka","India"
"Rakesh Jain","yes","Level 1","Mysore","Karnataka","India"
"Gabriella Pascoli","yes","Level 2","Trento",NA,"Italy"
"Monica Gonzalez Sanchez","yes","Level 2","Puerta Vallarta","Jalisco","Mexico"
"Jeffery Lichty","yes","Level 2","Calgary","Alberta","Canada"
"Oksana Gorkina","yes","Level 2","Moscow",NA,"Russia"
"Theopoula (Poly) Giannopoulou","yes","Level 1","Athens",NA,"Greece"
"Tsimpinos Dimitrios","yes","Level 1","Athens",NA,"Greece"
"Isa Guitana","yes","Level 1","Lisbon",NA,"Portugal"
"Youngblood Roche","yes","Level 2","Stepney","Southern Australia","Australia"
"Stefania Valbusa","yes","Level 1","Torino",NA,"Italy"
"Maria Whittaker","yes","Level 1","Victoria","BC","Canada"
"Guo Can","yes","Level 2","Wuhan","Hubei","China"
"Li Xuan","yes","Level 1","Wuhan","Hubei","China"
"Laura Griskeviciute","yes","Level 1","Zurich",NA,"Switzerland"
"Masafumi Nishi","yes","Level 1","Fujisawa","Kanagawa Ken","Japan"
"Taina Sandelin","yes","Level 1","Helsinki",NA,"Finland"
"Nnadi Harriott","yes","Level 1","Singapore",NA,"United Kingdom"
"Estefania Bravo Roman","yes","Level 1","Asturias",NA,"Spain"
"Aikaterini Vangelidi","yes","Level 2","Athens",NA,"Greece"
"Christina Exarchou","yes","Level 2","Athens",NA,"Greece"
"Sofia Xirotyri","yes","Level 2","Athens",NA,"Greece"
"Eleftheria Lagoudaki","yes","Level 1","Athens",NA,"Greece"
"Todd Roderick","yes","Level 1","Atlanta","GA","United States"
"Karla Armenta Fernandez","yes","Level 2","Mexico City",NA,"Mexico"
"William Bill Brundell","yes","Level 2","Auckland",NA,"New Zealand"
"Xinia Alderson","yes","Level 2","Auckland",NA,"New Zealand"
"Andrea Gutierrez","yes","Level 2","Austin","TX","United States"
"Andrew Bresnen","yes","Level 2","Austin","TX","United States"
"Ashley Reed Southerland","yes","Level 2","Austin","TX","United States"
"Catherine Hartshorn","yes","Level 2","Austin","TX","United States"
"Priya Jhawar","yes","Level 2","Austin","TX","United States"
"Shelley Washington","yes","Level 2","Austin","TX","United States"
"Moones Khoshbakht","yes","Level 1","Aylesbury","Buckinghamshire","United Kingdom"
"Shino Fujita","yes","Level 2","Bacalar","Quintana Roo","Mexico"
"Iain Grysak","yes","Level 2","Bali",NA,"Indonesia"
"Melissa Stark","yes","Level 2","Bali",NA,"Indonesia"
"Ayumi Iseri","yes","Level 2","Bangkok",NA,"Thailand"
"Boonchu Tantikarun","yes","Level 2","Bangkok",NA,"Thailand"
"Lapatsanan (Jamsai) Tantikarun","yes","Level 2","Bangkok",NA,"Thailand"
"Alexandra Tueva","yes","Level 1","Barcelona",NA,"Spain"
"Carmen Silvia Droege","yes","Level 1","Barcelona","Catalonia","Spain"
"Erik Sniedze","yes","Level 1","Barcelona",NA,"Spain"
"Patricia Acuña Ruiz","yes","Level 1","Barcelona",NA,"Spain"
"Veronica Fernandez Capponi","yes","Level 2","Barcelona",NA,"Spain"
"Laia Yanez Blasco","yes","Level 2","Barcelona",NA,"Spain"
"Lladiu de la Mata","yes","Level 1","Basel","Basel-Stadt","Switzerland"
"Peter Sanson","yes","Certified","Hawke's Bay",NA,"New Zealand"
"Bryony Bird-Kock","yes","Level 1","Cascais",NA,"Portugal"
"Tomoko Takahashi","yes","Level 1","Nagoya",NA,"Japan"
"Chen Wei (Vanessa)","yes","Level 1","Beijing",NA,"China"
"Hong Hyunwon (Veronica)","yes","Level 2","Beijing",NA,"China"
"Carrie Chen","yes","Level 2","Beijing",NA,"China"
"Tao Yan (Tao Yearn)","yes","Level 2","Beijing",NA,"China"
"Wang Qian (Wendy)","yes","Level 2","Beijing",NA,"China"
"Agathe Padovani","yes","Level 1","Beirut",NA,"Lebanon"
"Sandesha Hegde","yes","Level 2","Bangalore","Karnataka","India"
"Sanjana. S","yes","Level 2","Bangalore","Karnataka","India"
"Vasuda Giri","yes","Level 1","Bangalore","Karnataka","India"
"Jennifer Dougherty","yes","Level 2","Benicia","CA","United States"
"Yuki Kato","yes","Level 2","Beppu",NA,"Japan"
"Vance Selover","yes","Level 2","Berkeley","CA","United States"
"Aila A. Kattner","yes","Level 2","Berlin",NA,"Germany"
"Sarah Wilkins","yes","Level 2","Berlin",NA,"Germany"
"Rebecca Bath","yes","Level 2","Bermuda",NA,"United Kingdom"
"Angeles Blazquez Morcuende","yes","Level 1","Bilbao","Bizkaia","Spain"
"Suzanne Elizabeth El-Safty","yes","Level 2","Birmingham",NA,"United Kingdom"
"Tracy West","yes","Level 2","Birmingham",NA,"United Kingdom"
"Sofia Soori","yes","Level 2","Blido Norrtalje",NA,"Sweden"
"Claudia Vitale","yes","Level 2","Bologna",NA,"Italy"
"Olivier David","yes","Level 2","Bondi Beach","New South Wales","Australia"
"Alicia Orr","yes","Level 2","Boston","MA","United States"
"Savin George Vladislavovich","yes","Level 1","Moscow",NA,"Russia"
"Ian Cheney","yes","Level 1","Berlin",NA,"Germany"
"Anna Babenko Elbaz","yes","Level 2","Breganzona","Ticino","Switzerland"
"Ulrike Mett","yes","Level 2","Bremen",NA,"Germany"
"Ayako Iwakami","yes","Level 2","Brescia","Lombardia","Italy"
"Cinzia Somarè","yes","Level 1","Brianza",NA,"Italy"
"Katie Kehoe","yes","Level 2","Bridgeport","CT","United States"
"Sarah Miles","yes","Level 2","Brighton",NA,"United Kingdom"
"Aaron Earley","yes","Level 1","Brisbane","QLD","Australia"
"Caroline Simpson","yes","Level 2","Bristol",NA,"United Kingdom"
"Christine Gregory","yes","Level 1","Bristol",NA,"United Kingdom"
"Jonathan Hancock","yes","Level 1","Bristol",NA,"United Kingdom"
"Amy Santos","yes","Level 2","Brooklyn","NY","United States"
"Nick Ruechel","yes","Level 1","Brooklyn","NY","United States"
"Adriana Hortas","yes","Level 1","Brussels",NA,"Belgium"
"Anne Pinette","yes","Level 2","Brussels",NA,"Belgium"
"Irene Zaarour","yes","Level 1","Bucharest",NA,"Romania"
"Andra’s Imre Bimba","yes","Level 1","Budapest","Pest","Hungary"
"Réka Molnár","yes","Level 2","Budapest",NA,"Hungary"
"Barbara Vasquez","yes","Level 2","Buenos Aires",NA,"Argentina"
"Solange Domijan","yes","Level 2","Buenos Aires",NA,"Argentina"
"Andrés Elias Tisminetzky","yes","Level 1","Buenos Aires",NA,"Argentina"
"Malissa Larson","yes","Level 1","Buffalo","NY","United States"
"Kang Min Jeong (Arjuna)","yes","Level 2","Busan",NA,"South Korea"
"Mi Suk Choi","yes","Level 2","Busan",NA,"South Korea"
"Yoonjung Choi","yes","Level 2","Busan",NA,"South Korea"
"Karolina Suminska","yes","Level 2","Bydgoszcz","Kujawsko-Pomorskie","Poland"
"Daria Aleshina","yes","Level 2","Moscow",NA,"Russia"
"Erika Pinna","yes","Level 2","Cagliari",NA,"Italy"
"Haney Sammy","yes","Level 1","Cairo",NA,"Egypt"
"George Whiteside","yes","Level 2","Cambridge","MA","United States"
"Samuel Glannon","yes","Level 2","Cambridge","MA","United States"
"Griselda Layno Delgado","yes","Level 1","Canary Islands",NA,"Spain"
"Andréa Drottholm","yes","Level 2","Canggu","Bali","Indonesia"
"Johnny Haag","yes","Level 2","Canggu","Bali","Indonesia"
"Yuka Ito","yes","Level 1","Canggu","Bali","Indonesia"
"Michael Durand Schabort","yes","Level 2","Cape Town",NA,"South Africa"
"Alejandra Lucia Atehortua","yes","Level 1","Cartagena","Bolivar","Colombia"
"Sven Eberle","yes","Level 1","Casablanca",NA,"Morocco"
"Vera Monica Lages Simões","yes","Level 2","Cascais",NA,"Portugal"
"Jessica Lynne Trese","yes","Level 1","Cedar City","UT","United States"
"Kyriakos Hadjiphilippou","yes","Level 1","Center",NA,"Cyprus"
"Nikolas Michos","yes","Level 1","Center",NA,"Germany"
"Marie Geoffroy","yes","Level 2","Cévennes",NA,"France"
"Johnna Smith","yes","Level 2","Charlotte","NC","United States"
"John Bultman","yes","Certified","Charlottesville","VA","United States"
"Naomi Worth","yes","Level 1","Charlottesville","VA","United States"
"Sally Bacon Reynolds","yes","Level 1","Chattanooga","TN","United States"
"Emanuele Rossi","yes","Level 2","Cheltenham",NA,"United Kingdom"
"Yuxuan","yes","Level 2","Tianjin",NA,"China"
"Elena Vladimirova","yes","Level 1","Chester",NA,"United Kingdom"
"Takako Shinmura","yes","Level 2","Chiba",NA,"Japan"
"Ariel Forcier","yes","Level 1","Chicago","IL","United States"
"Megan Drozd","yes","Level 2","Chicago","IL","United States"
"Todd Boman","yes","Certified","Chicago","IL","United States"
"Steven Hyland","yes","Level 1","Chonburi",NA,"Thailand"
"Kim Nietch","yes","Level 1","Cincinnati","OH","United States"
"Heather Serna","yes","Level 2","Clearwater","FL","United States"
"Margaret Chiu","yes","Level 2","Shanghai",NA,"China"
"Adriana Perez","yes","Level 2","Coconut Creek","FL","United States"
"Tanja Düttra","yes","Level 1","Cologne",NA,"Germany"
"Dawn Blevins","yes","Level 2","Columbus","OH","United States"
"Jessica Hunt","yes","Level 1","Columbus","OH","United States"
"Taylor Hunt","yes","Level 2","Columbus","OH","United States"
"Curro Arroyo","yes","Level 2","Conil De La Frontera","Cádiz","Spain"
"Eskil Schilling","yes","Level 2","Copenhagen",NA,"Denmark"
"Helena Hertz Melkjorsen","yes","Level 1","Copenhagen","CPH","Denmark"
"Jens Bache","yes","Level 1","Copenhagen",NA,"Denmark"
"Kylie Lee","yes","Level 1","Perth","Western Australia","Australia"
"Odette Beswick","yes","Level 2","Perth","Western Australia","Australia"
"Simon Chandler","yes","Level 2","Cornwall",NA,"United Kingdom"
"Amanda Marquez","yes","Level 2","Corte","Corsica","France"
"Park Somin","yes","Level 2","Daejeon",NA,"South Korea"
"Dean Hollingsworth","yes","Level 2","Dallas","TX","United States"
"Matthew Ryan","yes","Level 2","Deal","Kent","United Kingdom"
"Denise Chew","yes","Level 2","Denise",NA,"Singapore"
"Elizabeth Van Genderen","yes","Level 2","Denver","CO","United States"
"Eric Stauffer","yes","Level 2","Denver","CO","United States"
"William Mushkin","yes","Level 2","Denver","CO","United States"
"Janet Parra Orreyo","yes","Level 2","Plentzia Vizcaya",NA,"Spain"
"So Young Choi","yes","Level 2","Dong-gu","Busan","South Korea"
"Ainhoa Zubeldia Amondarain","yes","Level 2","Donostia","Gipuzkoa","Spain"
"Alexia Koletsou","yes","Level 1","Drama",NA,"Greece"
"Fátima García de Andrés","yes","Level 2","Dubai",NA,"United Arab Emirates"
"Joumana Saber","yes","Level 1","Dubai",NA,"United Arab Emirates"
"Nathalie Daou","yes","Level 2","Dubai",NA,"United Arab Emirates"
"Nea Ferrier","yes","Level 2","Dubai",NA,"United Arab Emirates"
"Ashtanga Yoga Shala Dublin","yes","Level 1","Dublin",NA,"Ireland"
"Suzanne Forde","yes","Level 1","Dublin",NA,"Ireland"
"Beate Öcal","yes","Level 1","Dusseldorf",NA,"Germany"
"Lucien Sanchez Zuber","yes","Level 2","Paris",NA,"France"
"Hideki Inoue","yes","Level 2","Tokyo",NA,"Japan"
"Emma Isokivi","yes","Level 2","Edinburgh",NA,"Scotland"
"Chang Jen-Wei (Simon)","yes","Level 2","Taipei",NA,"Taiwan"
"Chia-Ling (Visa), Chang","yes","Level 2","Taipei",NA,"Taiwan"
"Ksenia Sergeeva","yes","Level 2","Ekaterinburg","Sverdlovsk Oblast","Russia"
"Stefanie Traub","yes","Level 2","Ellwangen","Baden-Württemberg","Germany"
"Jurre Twijnstra","yes","Level 1","The Hague",NA,"Netherlands"
"Jennifer Brown","yes","Level 2","Encinitas","CA","United States"
"Julie Choi Trepkau","yes","Level 1","Encinitas","CA","United States"
"Bobbi Boston","yes","Level 1","Encino","CA","United States"
"Kalyan Kaur","yes","Level 2","Essex",NA,"United Kingdom"
"Faiza Moore","yes","Level 1","Fairbanks","AK","United States"
"Fernando Pacheco","yes","Level 1","Gothenburg",NA,"Brazil"
"Sara Stangertz","yes","Level 2","Gothenburg","Bali","Indonesia"
"Natella Abramian","yes","Level 1","Tashkent",NA,"Uzbekistan"
"Edilberto Pérez González","yes","Level 2","Hangzhou",NA,"China"
"Chris Latham","yes","Level 1","Flagstaff","AZ","United States"
"Alice Cavazzuti","yes","Level 2","Florence","Tuscany","Italy"
"Ana Claudia Lopes e Souza","yes","Level 2","Florianópolis","Santa Catarina","Brazil"
"Giada Consoli","yes","Level 1","Formello",NA,"Italy"
"Mattia Bertoli","yes","Level 1","Formello",NA,"Italy"
"Eliza Eshelman","yes","Level 1","Fort Wayne","IN","United States"
"Lucas Carvalho","yes","Level 2","Fortaleza","Ceará","Brazil"
"Brenda Pasenau","yes","Level 2","Frankfurt",NA,"Germany"
"Boris Hopf","yes","Level 1","Freiburg",NA,"Germany"
"Christina Hug","yes","Level 2","Freiburg","Baden-Württemberg","Germany"
"Wei Li","yes","Level 2","Fremont","CA","United States"
"Tarik Thami","yes","Certified","General Luna",NA,"Philippines"
"Marque Garaux","yes","Level 2","Geneva","OH","United States"
"Sophie Mahy","yes","Level 2","Gent","Oost-Vlaanderen","Belgium"
"Ngurah Insan P.Adinata","yes","Level 2","Gianyar Bali",NA,"Indonesia"
"Catherine Moran","yes","Level 2","Glasgow",NA,"Scotland"
"Angelika Anagnostou","yes","Level 2","Goa",NA,"India"
"Lisa Upton","yes","Level 1","Godalming","Surrey","United Kingdom"
"Roberta Rodrigues","yes","Level 1","Goiânia","Goiás","Brazil"
"Rossella Govoni","yes","Level 2","Granarolo dell Emilia",NA,"Italy"
"Devorah Sacks","yes","Level 2","Grass Valley","CA","United States"
"Mateusz Deker","yes","Level 2","Greater Poland",NA,"Poland"
"Stanley A Woodman","yes","Level 2","Greenwich","CT","United States"
"Angie Flores Saiffe M","yes","Level 2","Guadalajara","Jalisco","Mexico"
"Anya Yang","yes","Level 1","Guangzhou",NA,"China"
"Zou ZhenJie (Jason)","yes","Level 1","Guangzhou",NA,"China"
"Mark Robert Cupit","yes","Level 1","Guildford",NA,"United Kingdom"
"Jiyeon Chai","yes","Level 2","Gurj-Si","Gyeonggi-do","South Korea"
"Haeyoung Koo","yes","Level 1","Gwangmyeong-Si","Gyeonggi-do","South Korea"
"Lee Sanghu","yes","Level 2","Republic",NA,"South Korea"
"Soyoung Shin","yes","Level 2","Daejeon",NA,"South Korea"
"Andreas Ruthemann","yes","Level 1","Hamburg","Hamburg","Germany"
"Jannika Kuehn","yes","Level 1","Hamburg",NA,"Germany"
"Anna Muzzin","yes","Level 2","Hamilton","Ontario","Canada"
"Sirilak Khotmanee","yes","Level 2",NA,NA,"Philippines"
"Linde Hartman","yes","Level 1","Groningen",NA,"Netherlands"
"Heejung Won","yes","Level 2","Seoul",NA,"South Korea"
"Yana Komarnitskaya","yes","Level 1","Heidelberg",NA,"Germany"
"Anna Laurin","yes","Level 1","Helsinki",NA,"Finland"
"Anni Lehmijoki","yes","Level 2","Helsinki",NA,"Finland"
"Heidi Ruokoniemi","yes","Level 2","Helsinki",NA,"Finland"
"Jessica Sharry","yes","Level 1","Helsinki",NA,"Finland"
"Raisa Heinämäki","yes","Level 2","Helsinki",NA,"Finland"
"Sari Hanski","yes","Level 1","Helsinki",NA,"Finland"
"Ursula Aaltonen","yes","Level 2","Helsinki",NA,"Finland"
"Natalé Ferreira","yes","Level 1","Hermosa Beach","CA","United States"
"Ursula Scott","yes","Level 2","Hertfordshire",NA,"United Kingdom"
"Jagadeesan Kamalan","yes","Level 1","Hinwil",NA,"Switzerland"
"Naomi Yasu","yes","Level 2","Hitachinaka","Ibaraki","Japan"
"Franziska Guentensperger","yes","Level 1","Homburg","Thurgau","Switzerland"
"Amy Cheung","yes","Level 2","Hong Kong",NA,"China"
"Andrew Petker","yes","Level 1","Hong Kong",NA,"China"
"Clayton Horton","yes","Certified","Hong Kong",NA,"China"
"Connie Yan","yes","Level 2","Hong Kong",NA,"China"
"Dylan I Bernstein","yes","Level 1","Hong Kong",NA,"China"
"Eng Eng, Tio","yes","Level 1","Hong Kong",NA,"China"
"Joseph Tan","yes","Level 1","Hong Kong",NA,"China"
"Joyce M. Calilung","yes","Level 2","Hong Kong",NA,"China"
"Karen Dew Cheuk Ka","yes","Level 1","Hong Kong",NA,"China"
"Li Chun Ho","yes","Level 2","Hong Kong",NA,"China"
"Melissa Lau","yes","Level 1","Hong Kong",NA,"China"
"Vivian Lee Kit Yu (Prema)","yes","Level 2","Hong Kong",NA,"China"
"Megumi Inoue Pape","yes","Level 2","Honolulu","HI","United States"
"Tanja Schøndorff","yes","Level 2","Hørning",NA,"Denmark"
"Carola della Croce","yes","Level 2","Berlin",NA,"Germany"
"Matias de Biedma","yes","Level 2","Berlin",NA,"Germany"
"Héctor Baeza Sánchez","yes","Level 1","Madrid",NA,"Spain"
"Jose Carballal","yes","Level 2","Madrid",NA,"Spain"
"Rafael Martinez Alcaraz","yes","Level 1","Madrid",NA,"Spain"
"Laila Mahmud-Kirkpatrick","yes","Level 2","Maylands","Western Australia","Australia"
"Alice EE Wang Kachinski","yes","Level 2","Houston","TX","United States"
"Alice Viéville","yes","Level 2","Houston","TX","United States"
"Erik Hardenbol","yes","Level 1","Houston","TX","United States"
"Jenna Longoria","yes","Level 1","Houston","TX","United States"
"Matthew Sweeney","yes","Level 2","Houston","TX","United States"
"Rachel Nystrom","yes","Level 2","Houston","TX","United States"
"Anuradha Ingle","yes","Level 1","Hyderabad","Telangana","India"
"Raquel Lopez Ramirez","yes","Level 1","Ibiza","Beleares","Spain"
"Amanda Markland","yes","Level 2","Indianapolis","IN","United States"
"Jordan Turner","yes","Level 2","Sydney","NSW","Australia"
"Katharina Kroepfel","yes","Level 1","Innsbruck",NA,"Austria"
"Momo (Michiko Konishi)","yes","Level 2","Center",NA,"Japan"
"David Miliotis","yes","Level 2","Irvine","CA","United States"
"Barbara G. Scott","yes","Level 1","Irvington","NY","United States"
"Daniela Ceccarelli","yes","Level 2","Magnetic Island","Queensland","Australia"
"Bilge Sebnem Surmeli Topuz","yes","Level 1","Istanbul","Kadiköy","Turkey"
"Funda Antmen Koprulu","yes","Level 1","Istanbul",NA,"Turkey"
"Senol Topuz","yes","Level 2","Istanbul","Kadiköy","Turkey"
"Pelin Gulmez","yes","Level 2","Istanbul",NA,"Turkey"
"Nitesh Saini","yes","Level 1","Jaipur","Rajasthan","India"
"Milanda Soenarto","yes","Level 2","Jakarta","DKI","Indonesia"
"Hediarty Natalia Batubara","yes","Level 1","Jakarta",NA,"Indonesia"
"Clinton Griffiths","yes","Level 2","Jasper",NA,"Canada"
"Ewelina Bejgrowicz","yes","Level 1","Bydgoszcz",NA,"Poland"
"Denise Krell","yes","Level 1","Joseph","MI","United States"
"Chiahui Chou","yes","Level 1","Taipei",NA,"Taiwan"
"Bela Lipat","yes","Level 1","Jyväskylä","Keski-Suomi","Finland"
"Yuka Nishizawa","yes","Level 1","Kagoshima",NA,"Japan"
"Bianca Oliveira","yes","Level 2","Katowice","Silesia","Poland"
"Eagle","yes","Level 1","Kauai","HI","United States"
"Cristy Cadano Toda","yes","Level 2","Kawasaki","Kanagawa Ken","Japan"
"Deirdre O’Donoghue","yes","Level 1","Kerry",NA,"Ireland"
"Hwang Eun Sun","yes","Level 2","Kheon-Si","Gyeonggi-do","South Korea"
"Masato Kobata","yes","Level 2","Kinan","Wakayama","Japan"
"Eva Zikis","yes","Level 2","Surat Thani",NA,"Thailand"
"Rosangela Castellari","yes","Level 2","Sao Paulo","SP","Brazil"
"Simon Cosmelli","yes","Level 1","Sao Paulo","SP","Brazil"
"Jørn Andre Tangen","yes","Level 1","Kragerø",NA,"Norway"
"Fetisova Anastasiia","yes","Level 2","Krasnodar","Krasnodarskiy Kray","Russia"
"Jaja Wu Zhen","yes","Level 2","Kunming",NA,"China"
"Ayako Takaki","yes","Level 1","Kurashiki","Okayama","Japan"
"Yumi Noda","yes","Level 2","Kyoto",NA,"Japan"
"Kayo Shiogai","yes","Level 2","Kyoto",NA,"Japan"
"Rie Kazusa","yes","Level 1","Kyoto",NA,"Japan"
"Amanda Marie Edmonds","yes","Level 2","Geneva","WI","United States"
"Anand Zorzo Diez","yes","Level 2","Gran","Las Palmas","Spain"
"Carrington Sobeck","yes","Level 2","Las Vegas","NV","United States"
"Jennifer Knox","yes","Level 2","Las Vegas","NV","United States"
"Maria Romualdez","yes","Level 1","Las Vegas","NV","United States"
"Mariko Matsumoto","yes","Level 2","Nakagawa",NA,"Japan"
"Geoff Mackenzie","yes","Level 2","Vancouver","BC","Canada"
"Christopher Conn","yes","Level 1","Limoges",NA,"Scotland"
"Maria Jose Gidi","yes","Level 2","Lisbon",NA,"Portugal"
"Adam Keen","yes","Level 2","London",NA,"United Kingdom"
"Amit Kumar Singh","yes","Level 1","London",NA,"United Kingdom"
"Anna Wise","yes","Level 2","London",NA,"United Kingdom"
"Catherine Haylock","yes","Level 2","London",NA,"United Kingdom"
"Emma Hetherington","yes","Level 2","London",NA,"United Kingdom"
"Hamish Hendry","yes","Certified","London",NA,"United Kingdom"
"Inna Costantini","yes","Level 1","London",NA,"United Kingdom"
"Izabela Langner-Rego","yes","Level 1","London",NA,"United Kingdom"
"Jelena Polakova","yes","Level 1","London",NA,"United Kingdom"
"Jose Fernandez Pena","yes","Level 2","London",NA,"United Kingdom"
"Joyce McMiken","yes","Level 1","London",NA,"United Kingdom"
"Lauren Munday","yes","Level 2","London",NA,"United Kingdom"
"Louise Newton","yes","Level 1","London",NA,"United Kingdom"
"Marcos Rodriguez","yes","Level 1","London",NA,"United Kingdom"
"Miloslawa Hutna-Guzewicz","yes","Level 1","London",NA,"United Kingdom"
"Nathan Robin Wilton","yes","Level 2","London","Ontario","Canada"
"Peter Santos Rego","yes","Level 2","London",NA,"United Kingdom"
"Philippa Asher","yes","Certified","London",NA,"United Kingdom"
"Tania Bond","yes","Level 2","London",NA,"United Kingdom"
"Tanya Golad","yes","Level 1","London",NA,"United Kingdom"
"Theresa Keen","yes","Level 1","London",NA,"United Kingdom"
"Thomas Norrington Davies","yes","Level 2","London",NA,"United Kingdom"
"Zephyr Mercer","yes","Level 2","London",NA,"United Kingdom"
"Aimee Echo","yes","Level 2","Long Beach","CA","United States"
"Alyson Stover","yes","Level 1","Los Angeles","CA","United States"
"Jessica Vyas","yes","Level 1","Los Angeles","CA","United States"
"Jim Jamila","yes","Level 2","Los Angeles","CA","United States"
"Jörgen Christiansson","yes","Certified","Los Angeles","CA","United States"
"Stacey Zimet","yes","Level 2","Los Angeles","CA","United States"
"Leticia Garcia Bocanegra","yes","Level 1","Los Cabos","Baja California Sur","Mexico"
"Catherine Followell","yes","Level 2","Louisville","KY","United States"
"John Vincent Shrader","yes","Level 2","Louisville","KY","United States"
"Karen Cairns","yes","Level 1","Louisville","KY","United States"
"Kenneth Jude Vanderhoff","yes","Level 1","Louisville","KY","United States"
"Laura Spaulding","yes","Level 2","Louisville","KY","United States"
"Pedro Rubio Pino","yes","Level 2","Lima",NA,"Peru"
"Grahek Aurelie","yes","Level 2","Lyon",NA,"France"
"Alexandra Graterol","yes","Level 2","Madrid",NA,"Spain"
"Alexia Pita","yes","Level 2","Madrid",NA,"Spain"
"Angel Garcia","yes","Level 2","Madrid",NA,"Spain"
"Belen Garcia Tapetado Tendero","yes","Level 2","Madrid",NA,"Spain"
"Nuria Schneider","yes","Level 2","Madrid",NA,"Spain"
"Johanna Austeen Gjestland","yes","Level 2","Oslo",NA,"Norway"
"Paloma Villela","yes","Level 1","Mallorca","Balearic Islands","Spain"
"Siauying Kam Paw (Siau)","yes","Level 1","Palma",NA,"Spain"
"Nico Cooper","yes","Level 1","Malmo",NA,"Sweden"
"Simona Nucera","yes","Level 1","Marina","CZ","Italy"
"Alys Pardoe","yes","Level 1","Margaret River","Western Australia","Australia"
"Olof (Olle) Larsson","yes","Certified","Marsfjäll",NA,"Sweden"
"Constanza Rios Frese","yes","Level 2","Matanzas",NA,"Chile"
"Pierangelo Caimi Rossello","yes","Level 2","Matanzas","VI región","Chile"
"Thomas Smith","yes","Level 1","Matlock","Derbyshire","United Kingdom"
"Tara Sweeney","yes","Level 2","Medford","MA","United States"
"Deepika Mehta","yes","Level 2","Bali",NA,"Indonesia"
"Ashley von Arx","yes","Level 2","Melbourne","Victoria","Australia"
"Tina Inserra","yes","Level 2","Melbourne","Victoria","Australia"
"Gaynor Stanicic","yes","Level 1","Melbourne",NA,"Australia"
"Arne Espejel Diaz","yes","Certified","Mexico City",NA,"Mexico"
"Maria Antonieta Ortiz Colmenero (Toni)","yes","Level 2","Mexico City",NA,"Mexico"
"Mauricio Victorica","yes","Level 2","Mexico City",NA,"Mexico"
"Rocio Molina Espinosa","yes","Level 2","Mexico City",NA,"Mexico"
"Steph Benatar","yes","Level 1","Mexico City",NA,"Mexico"
"Esmeralda Lamas","yes","Level 2","Miami","FL","United States"
"Joseph Armstrong","yes","Level 2","Miami","FL","United States"
"Juan Carlos Galan","yes","Level 2","Miami","FL","United States"
"Kino MacGregor","yes","Certified","Miami","FL","United States"
"Monica Arellano","yes","Level 2","Miami","FL","United States"
"Patricia Amado","yes","Level 1","Miami","FL","United States"
"Tim Feldmann","yes","Level 2","Miami","FL","United States"
"Alexandra Santos","yes","Level 1","Miami Beach","FL","United States"
"Patrick Nolan","yes","Level 2","Miami Springs","FL","United States"
"Anastasia Konstadinidis","yes","Level 2","Milano",NA,"Italy"
"Larissa Heffernan","yes","Level 2","Milwaukee","WI","United States"
"PJ Heffernan","yes","Level 2","Milwaukee","WI","United States"
"Sharon Ghanime","yes","Level 2","Milwaukee","WI","United States"
"Takako Hamada","yes","Level 2","Minato","Tokyo","Japan"
"David G. Rogers","yes","Level 1","Minneapolis","MN","United States"
"Glenn A Bergstrom","yes","Level 2","Missoula","MT","United States"
"Christine Hoar","yes","Level 1","Montauk","NY","United States"
"Deborah Williams","yes","Level 1","Montclair","NJ","United States"
"Yenai Aguilar","yes","Level 1","Monterrey","Nuevo Leon","Mexico"
"Yaelle Wittes","yes","Level 2","Montreal","Quebec","Canada"
"Vesta Mauch","yes","Level 1","Montreux","Quebec","Switzerland"
"Hanna Holmsater","yes","Level 1","Mora",NA,"Sweden"
"Aleksandr Smirkin","yes","Level 1","Moscow",NA,"Russia"
"Anna Kravtsova","yes","Level 1","Moscow",NA,"Russia"
"Anna Pushkareva","yes","Level 2","Moscow",NA,"Russia"
"Baryshnikova Tatiana","yes","Level 1","Moscow",NA,"Russia"
"Baryshnikov Dmitry","yes","Level 2","Moscow",NA,"Russia"
"Ekaterina Orlova","yes","Level 2","Moscow",NA,"Russia"
"Leonid Lanin","yes","Level 2","Moscow",NA,"Russia"
"Natalia Pepik (ex.Nevolina)","yes","Level 1","Moscow",NA,"Russia"
"Hiroko Iida Dobbin","yes","Level 2","Kobe",NA,"Japan"
"Anne Finstad","yes","Level 2","Mountain View","CA","United States"
"Beata Skrzypacz","yes","Level 2","Mountain View","CA","United States"
"Erez Galil","yes","Level 1","Mountain View","CA","United States"
"Digna Popat","yes","Level 2","Mumbai","Maharashtra","India"
"Sejal Gupta","yes","Level 1","Mumbai","Maharashtra","India"
"Asta Caplan","yes","Level 2","Munich",NA,"Germany"
"Patricia Rudolph","yes","Level 2","Munich","Bavaria","Germany"
"Supama Chattopadhyay","yes","Level 1","Muscat",NA,"Oman"
"Jonata Puente","yes","Level 2","Sao Paulo",NA,"Brazil"
"Tomomi Takeuchi","yes","Level 2","Osaka",NA,"Japan"
"Mariela Cruz","yes","Level 2","Mysore","Karnataka","Costa Rica"
"Harmony Slater","yes","Certified","Calgary","Alberta","Canada"
"Russell Case","yes","Level 2","Calgary","Alberta","Canada"
"Daniel Wu (Lijen Wu)","yes","Level 2","Taipei",NA,"Taiwan"
"You ji Hye","yes","Level 2","Daegu",NA,"South Korea"
"Arathi Menon","yes","Level 1","Mysore","Karnataka","India"
"Sat Inder S. Khalsa","yes","Level 1","Mysore","Karnataka","India"
"Sowmini Madhu","yes","Level 1","Mysore","Karnataka","India"
"Carita Ahonen","yes","Level 2",NA,NA,"Finland"
"Chen Tasi Hsiang","yes","Level 1",NA,NA,"Taiwan"
"Eva Miklosova","yes","Level 1",NA,NA,"Slovakia"
"Gemma Gaset Garralla","yes","Level 1",NA,NA,"Andorra"
"Lakshmi Kampli","yes","Level 2",NA,NA,"Singapore"
"Mikhail Platov","yes","Level 2",NA,NA,"Russia"
"Shrikantha. S","yes","Level 1",NA,NA,"India"
"Yosuke Okamoto","yes","Level 2",NA,NA,"Japan"
"Amy Sanford","yes","Level 1","Nacogdoches","TX","United States"
"Erin Elizabeth Patton","yes","Level 1","Nacogdoches","TX","United States"
"Chen Si","yes","Level 2","Shanghai",NA,"China"
"Sergio Ramos","yes","Level 2","Nazare",NA,"Portugal"
"Gebhard Ebert","yes","Level 2","New Braunfels","TX","United States"
"Ajay Tokas","yes","Level 2","New Delhi",NA,"India"
"Ankush Gaur","yes","Level 1","New Delhi",NA,"India"
"Bedanta Bikash Mishra","yes","Level 2","New Delhi",NA,"India"
"Prashant Kumar","yes","Level 1","New Delhi","Delhi","India"
"Sandeep Kumar","yes","Level 1","New Delhi","Delhi","India"
"Sonakshi Dhamija","yes","Level 1","New Delhi","Delhi","India"
"Vikramjeet Singh","yes","Level 1","New Delhi","Delhi","India"
"Miyuki Suga","yes","Level 1","New Delhi",NA,"Japan"
"Elise Espat","yes","Level 2","New Orleans","LA","United States"
"Chiang Chia Hsun","yes","Level 2","Taipei",NA,"Taiwan"
"Jacob (Chun-Chih) CHEN","yes","Level 2","Taipei",NA,"Taiwan"
"Peng Peggy","yes","Level 2","Taipei",NA,"Taiwan"
"Antonella Accinelli","yes","Level 2","New York","NY","Spain"
"Dana Tarasavage","yes","Level 2","New York","NY","United States"
"Esther Sutjiawan","yes","Level 2","New York","NY","United States"
"Jessica Blake","yes","Level 1","New York","NY","United States"
"Julian di Giovanni","yes","Level 1","New York","NY","United States"
"Lara Land","yes","Level 2","New York","NY","United States"
"Lindsay Hilscher","yes","Level 2","New York","NY","United States"
"Mary Flinn","yes","Level 1","New York","NY","United States"
"Megan Monserez","yes","Level 2","New York","NY","United States"
"Michael Becker","yes","Level 1","New York","NY","United States"
"Michael Guiou","yes","Level 2","New York","NY","United States"
"Paloma Tamayo Almada","yes","Level 2","New York","NY","United States"
"Thimo Wittich","yes","Level 1","New York","NY","United States"
"Zoë Slatoff","yes","Level 2","New York","NY","United States"
"Adam Wade","yes","Level 2","New York","NY","United States"
"Christopher Paris","yes","Level 1","Newark",NA,"United Kingdom"
"Bibi Lorenzetti","yes","Level 2","Newburgh","NY","United States"
"Sachie Lapham","yes","Level 2","Newquay",NA,"United Kingdom"
"Stephen Lapham","yes","Level 2","Newquay",NA,"United Kingdom"
"Arita Kriticou","yes","Level 1","Nicosia",NA,"Cyprus"
"Mani Trikam","yes","Level 1","Brisbane","QLD","Australia"
"Marta Magdalena Glowacka","yes","Level 2","Singapore",NA,"Singapore"
"Max Lapshin","yes","Level 2","Nizhniy Novgorod",NA,"Russia"
"David Kessel","yes","Level 2","North Adams","MA","United States"
"Charlotte Cox","yes","Level 1","Sydney","NSW","Australia"
"Ericka Sparber","yes","Level 1","North Vancouver","BC","Canada"
"Noelle Destefano","yes","Level 1","Norwalk","CT","United States"
"Jane Wyer","yes","Level 1","Nottingham",NA,"United Kingdom"
"Paul Kleesmaa","yes","Level 2","Nottingham",NA,"United Kingdom"
"Olga Iushkova","yes","Level 2","Novosibirsk",NA,"Russia"
"Shanna R. White","yes","Level 1","Oak Hill","FL","United States"
"Hilda Norberg","yes","Level 1","Stockholm",NA,"Sweden"
"Tiana Harilela","yes","Level 1","Odemira",NA,"Portugal"
"Yoko Matsuzaki","yes","Level 1","Okayama",NA,"Japan"
"Aeryk Bjork","yes","Level 2","Olympia","WA","United States"
"Vivian Bedford","yes","Level 2","Olympia","WA","United States"
"Anastasiia Glebova","yes","Level 2","Omsk","Omskaya","Russia"
"Woody Lai (Lai, Wu-te)","yes","Level 1","Taichung",NA,"Taiwan"
"Chang Paoyun","yes","Level 2","Tatching City",NA,"Taiwan"
"Yuan Yuan Zhang (Dawn)","yes","Level 2","Dali",NA,"China"
"Rachel Wong","yes","Level 2","Osaka",NA,"Japan"
"Sanae Uchida","yes","Level 1","Osaka",NA,"Japan"
"Veronique Tan","yes","Level 2","Osaka",NA,"Japan"
"Astrid Holte Ostbye","yes","Level 2","Oslo",NA,"Norway"
"Marie Gard Venvik","yes","Level 2","Oslo",NA,"Norway"
"Vibeke Klemetsen","yes","Level 1","Oslo",NA,"Norway"
"Mary Powell","yes","Level 2","Oxford",NA,"United Kingdom"
"Tanisha Walters","yes","Level 2","Pahoa","HI","United States"
"Natalia Paisano Felipe","yes","Level 2","Palma",NA,"Spain"
"Pilar de Miguel","yes","Level 2","Palma",NA,"Spain"
"Ramiro Ventura","yes","Level 2","Palma",NA,"Spain"
"Victoria Rossello","yes","Level 1","Palma",NA,"Spain"
"Patty Strulovic","yes","Level 2","Panama City",NA,"Panama"
"Alicia Campostrini","yes","Level 2","Paris",NA,"France"
"Celia Agnoli","yes","Level 1","Paris",NA,"France"
"Laumond Pauline","yes","Level 2","Paris",NA,"France"
"Sandra Vaz","yes","Level 2","Paris",NA,"France"
"Nicolas Legrez","yes","Level 1","Paris",NA,"France"
"Patrick Frapeau","yes","Level 2","Paris",NA,"France"
"Sofya Elfimova","yes","Level 2","Pattaya City",NA,"Thailand"
"Leo Castro","yes","Level 2","Paulo",NA,"Brazil"
"Gerard Forlee","yes","Level 1","Perth","WA","Australia"
"Meghan Kirk","yes","Level 2","Philadelphia","PA","United States"
"Karen Kelley","yes","Level 2","Phoenix","AZ","United States"
"Karina Calderon","yes","Level 2","Pichilemu","O’Higgens","Chile"
"Ekaterina Voronova","yes","Level 1","Yekaterinburg",NA,"Russia"
"Daniel Antonio Rodriguez Figueira","yes","Level 1","Pontevedra",NA,"Spain"
"Scott Parsons","yes","Level 1","Poole",NA,"United Kingdom"
"Anu Abdi","yes","Level 1","Pori",NA,"Finland"
"Kate ODonnell","yes","Level 2","Portland","ME","United States"
"Kimberly Daglen","yes","Level 2","Portland","OR","United States"
"Richard Ray","yes","Level 2","Portland","ME","United States"
"Livia Dos Santos Varella","yes","Level 2","Porto Alegre","Rio Grande do Sul","Brazil"
"Daria Jankowska","yes","Level 1","Poznan",NA,"Poland"
"Denisa Sengerova","yes","Level 1","Prague",NA,"Czech Republic"
"Chompreeya (Aoy) Reinsch","yes","Level 2","Bangkok",NA,"Thailand"
"Elena Calle Monago","yes","Level 1","Badajoz",NA,"Spain"
"Lisa Wolfe","yes","Level 1","Princeton","NJ","United States"
"Claire Saunders","yes","Level 2","Provence Provence",NA,"France"
"Shih Pei-Yu (Julia)","yes","Level 2","Puli","Nantou","Taiwan"
"Horst Rinnerberger","yes","Level 2","Vienna",NA,"Austria"
"Sandeep M Shivashankar","yes","Level 1","Mysore","Karnataka","India"
"John Schneider","yes","Level 2","Queens","NY","United States"
"Alejandra Gonzalez","yes","Level 1","Queretaro","Queretaro","Mexico"
"Allen Uy Enrique","yes","Level 2","Quezon City","Metro Manilla","Philippines"
"Kristine Mae Quiray","yes","Level 2","Quezon City","QC","Philippines"
"Cyril Lagel","yes","Level 1","Paris",NA,"France"
"Juliana Solovian","yes","Level 2","Buenos Aires",NA,"Argentina"
"Damhwi Chun (Sen)","yes","Level 1",NA,NA,"South Korea"
"Eunji Shin","yes","Level 2",NA,NA,"South Korea"
"Han-A Kwon","yes","Level 2",NA,NA,"South Korea"
"Hong SeungJun","yes","Level 2",NA,NA,"South Korea"
"Il Nam","yes","Level 1",NA,NA,"South Korea"
"Jaehee Lee","yes","Level 2",NA,NA,"South Korea"
"Jung Jin Ju","yes","Level 2",NA,NA,"South Korea"
"Kim Ji Won","yes","Level 2",NA,NA,"South Korea"
"Kim young mi","yes","Level 2",NA,NA,"South Korea"
"Moonsik Seo","yes","Level 2",NA,NA,"South Korea"
"Se Hwan Jang","yes","Level 2",NA,NA,"South Korea"
"Suna Park","yes","Level 1",NA,NA,"South Korea"
"Young Lee (Nikki)","yes","Level 2",NA,NA,"South Korea"
"Youngsoo Ha","yes","Level 2",NA,NA,"South Korea"
"Youngsu Im","yes","Level 2",NA,NA,"South Korea"
"Przemyslaw Nadolny","yes","Level 2","Republic",NA,"Poland"
"Arna Bjork Sveinsdottir","yes","Level 2","Reykjavik",NA,"Iceland"
"Wade Oakley","yes","Level 2","Richmond","VA","United States"
"Danielle de Sá (Dany Sa)","yes","Level 2","Rio De Janeiro",NA,"Brazil"
"Maria do Céu Sarlo","yes","Level 1","Rio De Janeiro",NA,"Brazil"
"Thiago Villa Verde da Rosa e Silva","yes","Level 2","Rio De Janeiro",NA,"Brazil"
"Jami Broom","yes","Level 1","Rio Grande",NA,"Puerto Rico"
"Liubov Pesennikova","yes","Level 1","Rishikesh","Uttarakhand","India"
"Susanna Finocchi","yes","Certified","Rome",NA,"Italy"
"Manuel Ferreira","yes","Level 2","Kuala Lumpur",NA,"Malaysia"
"Yan Ong","yes","Level 2","Kuala Lumpur",NA,"Malaysia"
"Maria Dzisoo","yes","Level 2","Rostock",NA,"Germany"
"Kim Hee Jeong","yes","Level 1","Seoul",NA,"South Korea"
"Keigo Yamaguchi","yes","Level 2","Kyoto",NA,"Japan"
"Canan Özalp","yes","Level 1","Sala",NA,"Turkey"
"Samuel Brown","yes","Level 2","Salt Lake City","UT","United States"
"Sarah Jane Burkholz","yes","Level 2","Salt Lake City","UT","United States"
"Nawarat Teeraprasert","yes","Level 2","Bangkok",NA,"Thailand"
"Watanawone Wonepan","yes","Level 1","Bangkok",NA,"Thailand"
"Liz Carrasquel","yes","Level 2","Caracas",NA,"Venezuela"
"Ana Hollis","yes","Level 2","San Antonio","TX","United States"
"Andrew James Hillam","yes","Certified","San Diego","CA","United States"
"Kyleen “Kai” Maciel","yes","Level 2","San Diego","CA","United States"
"Lisa Ogletree","yes","Level 2","San Diego","CA","United States"
"Liza DiGaetano","yes","Level 2","San Diego","CA","United States"
"Erica Morton Magill","yes","Level 2","San Francisco","CA","United States"
"Tonya Ruddick","yes","Level 2","San Francisco","CA","United States"
"Michelle Song","yes","Level 2","San Marino","CA","United States"
"Jill Ainsworth","yes","Level 1","San Miguel De Allende","LA","United States"
"Anurag Vassallo","yes","Level 1","San Miguel","Balearic Islands","Spain"
"Santina Giardina Chard","yes","Level 2","Queensland",NA,"Australia"
"Sanjay Subbanna","yes","Level 1","Munich",NA,"Germany"
"Lucia Andrade","yes","Certified","Santa Eulalia",NA,"Spain"
"Morgan Lee","yes","Level 2","Santa Monica","CA","United States"
"Anastasia Whitmore","yes","Level 2","Santa Rosa","CA","United States"
"L. Kyle Eaton","yes","Level 1","Santa Rosa","CA","United States"
"Sonja Radvila","yes","Level 2","Sante Fe","NM","United States"
"Anais Sorensen","yes","Level 2","Santiago","Metropolitana","Chile"
"Loreto Cortés Salazar","yes","Level 2","Santiago",NA,"Chile"
"Loreto Rojas Retamal","yes","Level 2","Santiago",NA,"Chile"
"Paz Daniela Muñoz Sepúlveda","yes","Level 2","Santiago",NA,"Chile"
"Aline Fernandes","yes","Level 2","Sao Paulo","SP","Brazil"
"Yuya Sarashina","yes","Level 2","Tokyo",NA,"Japan"
"Carmen Yague","yes","Level 1","Madrid",NA,"Spain"
"Johnny Smith","yes","Certified","Sebastopol","CA","United States"
"Helena Rosenthal","yes","Level 2","Seignosse","Landes","France"
"Cha Jieun","yes","Level 2","Seoul",NA,"South Korea"
"Kyu Bin Choi","yes","Level 2","Seoul",NA,"South Korea"
"Lee Ki Joo","yes","Level 1","Seoul",NA,"South Korea"
"Seulki Jung","yes","Level 2","Seoul",NA,"South Korea"
"Seung Jun Kim","yes","Level 2","Seoul",NA,"South Korea"
"Dongjin Kim","yes","Certified","Seoul",NA,"South Korea"
"Hayoung Kim","yes","Level 2","Seoul",NA,"South Korea"
"Hojung Audenaerde","yes","Level 2","Seoul",NA,"South Korea"
"Jiyoung Kim","yes","Level 2","Seoul",NA,"South Korea"
"Kim Eun Kyung","yes","Level 1","Seoul",NA,"South Korea"
"Kim Tae Bong","yes","Level 2","Seoul",NA,"South Korea"
"Myungsun Lim","yes","Level 2","Seoul",NA,"South Korea"
"Oh Jieun","yes","Level 2","Seoul",NA,"South Korea"
"Wooseok Yang","yes","Level 2","Seoul",NA,"South Korea"
"Hwasun Lee","yes","Level 2","Seoul",NA,"South Korea"
"Jaesun Choi (Woosun Choi)","yes","Level 2","Seoul",NA,"South Korea"
"Minkyoung Kim","yes","Level 2","Seoul",NA,"South Korea"
"Irene Del Valle","yes","Level 2","Antigua",NA,"Guatemala"
"Lara Freire Bezerra De Sant’ Anna","yes","Level 2","Aracaju",NA,"Brazil"
"Giuseppe Mario Ferrara","yes","Level 1","Monza",NA,"Italy"
"Flora Brajot","yes","Level 2","Bordeaux",NA,"France"
"Dena Kingsberg","yes","Certified","Byron Bay",NA,"Australia"
"Iryna Panarina","yes","Level 1","Kyiv",NA,"Ukraine"
"Camilla Chianella","yes","Level 1","Perugia",NA,"Italy"
"Stefania Caito","yes","Level 1","Roma",NA,"Italy"
"Shi Hyun Cho","yes","Level 2","Seoul",NA,"South Korea"
"Justyna Jaworska","yes","Level 1","Warsaw",NA,"Poland"
"Nieves Lahuerta","yes","Level 2","Accra",NA,"Ghana"
"Bharath Basavaraju","yes","Level 1","Shanghai",NA,"China"
"Bing Ling Chen","yes","Level 2","Shanghai",NA,"China"
"Luo Xu (Lucy Luo)","yes","Level 2","Shanghai",NA,"China"
"Wangbei (Belle)","yes","Level 2","Shanghai",NA,"China"
"Ximena Cortes","yes","Level 2","Shanghai",NA,"China"
"Nicola Harpin","yes","Level 1","Sheffield","Yorkshire","United Kingdom"
"Hitomi Endo","yes","Level 2","Shizuoka","Shizuoka-Ken","Japan"
"Yuki Shimada","yes","Level 2","Katano",NA,"Japan"
"Wang Yan","yes","Level 2","Sichuan",NA,"China"
"Ann Lee","yes","Level 2","Singapore",NA,"Singapore"
"Angelina Tkalcic","yes","Level 2","Sisak","Sisak-Moslavacka","Croatia"
"Ruzica Matagic","yes","Level 2","Sisak","Sisak-Moslavacka","Croatia"
"Holly Menzies","yes","Level 2","Snohomish","WA","United States"
"Vasilii Shishkin","yes","Level 1","Sochi",NA,"Russia"
"Kiril Ljubenov Yordanov","yes","Level 1","Sofia",NA,"Bulgaria"
"Michelle Pichert","yes","Level 1","Sooke","BC","Canada"
"Ida Koczor","yes","Level 2","Beirut",NA,"Lebanon"
"Jenny Raymundo","yes","Level 2","Antwerp",NA,"Belgium"
"Elena Pinto","yes","Level 1","West Perth","WA","Australia"
"Mira Johanna Sattelberger","yes","Level 2","Munich",NA,"Germany"
"Hyekyoung Kang","yes","Level 2","Seoul",NA,"South Korea"
"Ellie Kaufman Wannemacher","yes","Level 1","St. Paul","MN","United States"
"Shakira Williams Bouwer","yes","Level 1","St. Andrews",NA,"Jamaica"
"Anna Haines","yes","Level 1","St. Helier","Channel Islands","Jersey"
"Susan Hounsell","yes","Level 2","St. Johns","NL","Canada"
"Monica Gullickson","yes","Level 2","St. Paul","MN","United States"
"Anna Gureva","yes","Level 1","St. Petersburg",NA,"Russia"
"Ekaterina (KAT) Sokotova","yes","Level 2","St. Petersburg",NA,"Russia"
"Ekaterina Kovinskaya","yes","Level 2","St. Petersburg","SPB","Russia"
"Kseniia Zhorova","yes","Level 2","St. Petersburg",NA,"Russia"
"Mariia Korobova","yes","Level 2","St. Petersburg",NA,"Russia"
"Nelia Romanova","yes","Level 2","St. Petersburg",NA,"Russia"
"Olga Vergei","yes","Level 2","St. Petersburg",NA,"Russia"
"Tatiana Sergeeva","yes","Level 1","St. Petersburg",NA,"Russia"
"Robbie Cavallero","yes","Level 1","Stanford","CA","United States"
"Adan Corrovina Maya","yes","Level 1","Stockholm",NA,"Sweden"
"Charlotte Lindstrom","yes","Level 2","Stockholm",NA,"Sweden"
"David Fredriksson","yes","Level 1","Stockholm",NA,"Sweden"
"Frida Sjogren","yes","Level 2","Stockholm",NA,"Sweden"
"Laruga Glaser","yes","Certified","Stockholm",NA,"Sweden"
"Morgan Johansson","yes","Level 1","Stockholm",NA,"Sweden"
"Sang Yeon Ahn","yes","Level 1","Stockholm",NA,"Sweden"
"Lisa Lalér","yes","Level 2","Stockholm",NA,"Sweden"
"Kazumi Nishikawa","yes","Level 2","Studio",NA,"Japan"
"Lee Dong Jun (Leonlee)","yes","Level 1","Beijing",NA,"China"
"Nikki Fulford","yes","Certified","Bondi Junction","NSW","Australia"
"Evelina Pronina","yes","Level 1","Moscow",NA,"Russia"
"Daria Glushkova","yes","Level 2","Novosibirsk",NA,"Russia"
"Sean Toland","yes","Level 1","Paris",NA,"France"
"Deniz Akpece","yes","Level 1","Surat Thani",NA,"Thailand"
"Mozart Reina","yes","Level 2","Surigao",NA,"Philippines"
"Mara Reina","yes","Level 1","Surigao",NA,"Philippines"
"Chandana Bhowmick","yes","Level 2","Barcelona",NA,"Spain"
"Doug Taukobong-Olsen","yes","Level 2","Sussex",NA,"United Kingdom"
"Gian Renato Marchisio","yes","Level 2","Torino",NA,"Italy"
"Kerstin Bilgmann","yes","Level 2","Sydney","NSW","Australia"
"Lainie Cook","yes","Level 2","Sydney","NSW","Australia"
"Benson Kao (Wei Pang Kao)","yes","Level 2","Taipei",NA,"Taiwan"
"Michael Jung-Tang Lee","yes","Level 2","Taipei",NA,"Taiwan"
"Kelly Kui-Hsien, Hsu","yes","Level 2","Taipei",NA,"Taiwan"
"Yen-Hui, Chen","yes","Level 1","Taichung",NA,"Taiwan"
"Yumiko Sone","yes","Level 1","Takarazuka",NA,"Japan"
"Henrik Ahvenainen","yes","Level 1","Tampere",NA,"Finland"
"Arezoo Bayat","yes","Level 2","Tehran",NA,"Iran"
"Yeganeh Ghasemi","yes","Level 1","Tehran",NA,"Iran"
"Daria Immerman","yes","Level 2","Tel Aviv",NA,"Israel"
"Liad Somech","yes","Level 2","Tel Aviv",NA,"Israel"
"Shiry Hod Rogovin","yes","Level 1","Tel Aviv",NA,"Israel"
"Viviane Simon","yes","Level 1","Tenerife",NA,"Spain"
"Camiel Van Doorn","yes","Level 2","Veghel","Noord-Brabant","Netherlands"
"Sooran Song","yes","Level 2","Tokyo",NA,"Japan"
"Naomi Misawa","yes","Level 2","Tokorozawa","Saitama","Japan"
"(Kranti) Renato Libonati","yes","Certified","Tokyo",NA,"Japan"
"Ai Katsuoka","yes","Level 2","Tokyo",NA,"Japan"
"Hiroko Kusuhara","yes","Level 2","Tokyo",NA,"Japan"
"Maya Hamada","yes","Level 2","Tokyo",NA,"Japan"
"Naho Aoki","yes","Level 2","Tokyo",NA,"Japan"
"Nanae Kikuchi","yes","Level 2","Tokyo",NA,"Japan"
"Yuko Matsueda","yes","Level 2","Tokyo",NA,"Japan"
"Akiko Tsugawa","yes","Level 2","Tokyo",NA,"Japan"
"Dhewayani Virgita Pienta","yes","Level 2","Toledo","OH","United States"
"Andrea Picollo","yes","Level 1","Torino",NA,"Italy"
"David Robson","yes","Level 2","Toronto","Ontario","Canada"
"Natassia Maia","yes","Level 2","Toronto","Ontario","Canada"
"Jack Sidnell","yes","Level 1","Toronto",NA,"Canada"
"Emma O’Neill","yes","Level 2","Toronto",NA,"Canada"
"Rina Katayama","yes","Level 1","Toyama",NA,"Japan"
"Ann Svärdfelt","yes","Level 1","Tranas",NA,"Sweden"
"Joan Isbell","yes","Level 1","Trussville","AL","United States"
"Alex (AJ) Frye","yes","Level 2","Tuscon","AZ","United States"
"Satu Susanna Rommi","yes","Level 1","Tuusula",NA,"Finland"
"Anthony Lunardi","yes","Level 2","Ubud","Bali","Indonesia"
"Jaime Couttolenc Barcena","yes","Level 2","Ubud",NA,"Indonesia"
"Khushboo Jain","yes","Level 2","Udaipur","Rajasthan","India"
"Seo-Myeong Lee","yes","Level 2","Ulsan",NA,"South Korea"
"Inger Kristine Havag","yes","Level 2","Ulsteinvik","More Og Romsdal","Norway"
"Sofie Puranen","yes","Level 1","Uppsala",NA,"Sweden"
"Keiko Hirakawa","yes","Level 2","Usuki","Oita","Japan"
"Yuki Sakuma","yes","Level 2","Utrecht",NA,"Netherlands"
"Mati Guerra","yes","Level 2","Valparaiso",NA,"Chile"
"Jessica Schroeder","yes","Level 2","Vancouver","WA","United States"
"Jules Sung","yes","Level 2","Vancouver","BC","Montenegro"
"Sarah Kozlowski","yes","Level 2","Vancouver","BC","Canada"
"Robert Watt","yes","Level 1","Vancouver",NA,"Canada"
"Alessandro Cioffari Bertalli","yes","Level 1","Varese",NA,"Italy"
"Shen Li Juan","yes","Level 2","Shanghai",NA,"China"
"Tiago Filipe Oliveira Fernandes Prieto","yes","Level 1","Viana Do Castelo",NA,"Portugal"
"Amanda Ferris","yes","Level 2","Victoria",NA,"Australia"
"Gregory Steward","yes","Level 2","Seoul",NA,"South Korea"
"Yujung Choi","yes","Level 2","Seoul",NA,"South Korea"
"Barbara Süss","yes","Level 1","Vienna",NA,"Austria"
"Belinda Schittengruber","yes","Level 1","Vienna",NA,"Austria"
"Grace Tai","yes","Level 2","Vienna",NA,"Austria"
"Tarik van Prehn","yes","Level 1","Vila Nova de Milfontes",NA,"Portugal"
"Katy Jane Scherer","yes","Level 1","Bonn","NRW","Germany"
"Sue Ellen Reyes","yes","Level 2","Waikoloa","HI","United States"
"Dariusz Markiewicz","yes","Level 1","Warsaw",NA,"Poland"
"Ewa Jedrzejczyk","yes","Level 2","Warsaw",NA,"Poland"
"Gabriela Mikolajczak","yes","Level 1","Warsaw",NA,"Poland"
"Monika Poplawska","yes","Level 1","Warsaw",NA,"Poland"
"Faith Scimecca","yes","Level 2","Washington","DC","United States"
"Michael Joel Hall","yes","Level 2","Washington","DC","United States"
"Maria Laura (Marilu) Casalino","yes","Level 1","West Nusa Tenggara",NA,"Indonesia"
"Angelique Sandas","yes","Level 1","West Palm Beach","FL","United States"
"Stuart Bray","yes","Level 1","Whitefish","MT","United States"
"Larry Giulio Hobbs","yes","Level 2","Wilmington","NC","United States"
"Krista Shirley","yes","Level 2","Winter Park","FL","United States"
"Satoru Hiraki","yes","Level 1","Bangkok",NA,"Thailand"
"István Szalai","yes","Level 1","Budapest",NA,"Hungary"
"Ana Andole","yes","Level 1","Yerba Buena","Tucuman","Argentina"
"Taran Dhillon","yes","Level 2","Chandigarh",NA,"India"
"Kim Yanghee","yes","Level 2","Busan",NA,"South Korea"
"Christoph Wagner","yes","Level 1","Oberguenzburg","Bavaria","Germany"
"Sabine Schulz","yes","Level 1","Oberguenzburg","Bavaria","Germany"
"Ignacio Arreses","yes","Level 2","Almagro",NA,"Argentina"
"Eleftheria (ERI) Oikonomidou","yes","Level 1","Athens",NA,"Greece"
"Giacomo Coppo","yes","Level 2","Arona",NA,"Italy"
"Mina Shimizu","yes","Level 2","Ashiya",NA,"Japan"
"Maria Tsakona","yes","Certified","Athens",NA,"Greece"
"Pinelopi Grigoraki","yes","Level 1","Heraklion",NA,"Greece"
"Ekaterina Yastrembskaya","yes","Level 2","Moscow",NA,"Russia"
"Sevasti (Tania) Kemou","yes","Level 2","Athens",NA,"Greece"
"Dan Fanthorpe","yes","Level 2","Auckland",NA,"Australia"
"Monica Marinoni","yes","Level 2","Auroville","Tamil Nadu","India"
"Robin Ward","yes","Level 2","Azores",NA,"Portugal"
"Yana Selitskaya","yes","Level 2","Barcelona",NA,"Spain"
"Irantzu Rekalde","yes","Level 2","Noosa Heads",NA,"Australia"
"Ranko Stoiljkovic","yes","Level 2","Belgrade",NA,"Serbia"
"Miho Reineke-Kriete","yes","Level 2","Berlin",NA,"Germany"
"Saskia Randt","yes","Level 2","Berlin",NA,"Germany"
"Junior Cesar Piros","yes","Level 2","Belo Horizonte",NA,"Brazil"
"Fernando Gorostiza Esquerdeiro","yes","Level 2","Bilbao",NA,"Spain"
"Mariana Suarez","yes","Level 1","Bolivia",NA,"Bolivia"
"Damien Meadows","yes","Level 1","Brussels",NA,"Belgium"
"Evangeline Pinette","yes","Level 2","Brussels",NA,"Belgium"
"Guillermo Salomon","yes","Level 1","Buenos Aires",NA,"Argentina"
"Mina Kang","yes","Level 2","Busan",NA,"South Korea"
"Unsal Ozcan","yes","Level 1","Canakkale",NA,"Turkey"
"Julia Montesdeoca Arbona","yes","Level 1","Canary Islands",NA,"Spain"
"Saadet Liman","yes","Level 1","Center",NA,"Turkey"
"Megan Riley","yes","Certified","Center",NA,"Netherlands"
"Charmelle","yes","Level 2","Cape Town",NA,"South Africa"
"Ethan Ward","yes","Level 2","Cape Town",NA,"South Africa"
"Chi-Hsin Chen","yes","Level 2","Hangzhou",NA,"China"
"Usha Rani Chittoor","yes","Level 1","Mysore","Karnataka","India"
"Seung-eun Lee","yes","Level 1","Seoul",NA,"South Korea"
"Lin I-tzu (Amber Lin)","yes","Level 2","Chiayi",NA,"Taiwan"
"Yuan Fu Wang","yes","Level 1","Chiayi",NA,"Taiwan"
"Luke Jordan","yes","Certified","Colares",NA,"Portugal"
"Colleen Dowd","yes","Level 1","Currumbin",NA,"Australia"
"Iman Elsherbiny","yes","Level 2","Cairo",NA,"Egypt"
"Katia Garcia Gomez","yes","Level 1","Eindhoven",NA,"Netherlands"
"Nicholas Paul Evans","yes","Level 2","Eindhoven",NA,"Netherlands"
"Pat Prada","yes","Level 1","Barcelona",NA,"Spain"
"Hanna Mjöberg","yes","Level 2","Falkenberg",NA,"Sweden"
"Sasha Masiello Arias","yes","Level 2","Fortaleza",NA,"Brazil"
"Thoai Huong Hoang","yes","Level 2","Frankfurt",NA,"Germany"
"Olga Totochenko","yes","Level 1","Geneva",NA,"Switzerland"
"Kiri Sutherland","yes","Level 2","Gisborne",NA,"New Zealand"
"Rocket Caleshu","yes","Level 2","Los Angeles","CA","United States"
"Elise Greenspoon","yes","Level 2","Groningen",NA,"Netherlands"
"Caro Gómez Galicia","yes","Level 2","Guate",NA,"Guatemala"
"Outi Sirviö","yes","Level 1","Helsinki",NA,"Finland"
"Pia Lehtinen","yes","Certified","Helsinki",NA,"Finland"
"Preetham R.V","yes","Level 2","Hyderabad",NA,"India"
"Kayoko Kanda","yes","Level 1","Kobe",NA,"Japan"
"Gillian Mooney","yes","Level 2","Yoga Ireland",NA,"Ireland"
"Rosa Tagliafierro","yes","Level 1","Milano",NA,"Italy"
"Kapil Saini","yes","Level 1","Jaipur",NA,"India"
"Vikram Saini","yes","Level 1","Jaipur",NA,"India"
"Emilia Afentaki","yes","Level 1","Greece",NA,"Greece"
"Chiu Hsien Ya","yes","Level 1","Kaohsiung",NA,"Taiwan"
"Luis De Llano","yes","Level 2","Berlin",NA,"Germany"
"Gururaja Anemajal","yes","Level 2","Bangalore",NA,"India"
"Melina Vlachou","yes","Level 2","Athens",NA,"Greece"
"James Hughes","yes","Level 1","Kingston",NA,"Canada"
"Lisa Samuda","yes","Level 1","Kingston",NA,"Canada"
"Keiko Shimizu","yes","Level 1","Kobe",NA,"Japan"
"Seiya Shimizu","yes","Level 1","Kobe",NA,"Japan"
"Lleonard Escandell (Lleo)","yes","Level 2","Canary Islands",NA,"Spain"
"Elizabeth Ann Ball","yes","Level 1","Lisbon",NA,"Portugal"
"Claudia Cecilia Paredes Salas","yes","Level 2","Lima",NA,"Peru"
"Martyna Syguda","yes","Level 2","Luzern",NA,"Switzerland"
"Borja Romero-Valdespino Jimenez","yes","Level 2","Madrid",NA,"Spain"
"Isabella Nitschke","yes","Level 2","Malmo",NA,"Sweden"
"Sara Björs","yes","Level 1","Malmo",NA,"Sweden"
"Patrick Tolentino Santos","yes","Level 2","Manila",NA,"Philippines"
"Nadia Stinga Rihani","yes","Level 2","Manly","NSW","Australia"
"Chadi El Hnoud","yes","Level 2","Massa",NA,"Italy"
"Chong Choon Kiat","yes","Level 1","Melaka",NA,"Malaysia"
"Karyn Grenfell","yes","Certified","Melbourne",NA,"Australia"
"Yogesh Saini","yes","Level 2","Moembris",NA,"Germany"
"Sharmila Desai","yes","Certified","New York","NY","United States"
"Natalia Savina","yes","Level 2","Moscow",NA,"Russia"
"Maria Shalimova","yes","Level 2","Moscow",NA,"Russia"
"Shiho Akiyama","yes","Level 2","Fukuoka",NA,"Japan"
"Kyohei Ishikawa","yes","Level 2","Nagoya",NA,"Japan"
"Ting Yu Wang","yes","Level 1","Taipei",NA,"Taiwan"
"Cheng Lin Li","yes","Level 2","Taipei",NA,"Taiwan"
"Lisa Billvik Noren","yes","Level 1","Osterlen",NA,"Sweden"
"Pablo Pirillo","yes","Level 2","Palermo",NA,"Argentina"
"Sofía Benvenuto","yes","Level 2","Palermo",NA,"Argentina"
"Pepe M Mas","yes","Level 2","Palma",NA,"Finland"
"Laura Pellegrini","yes","Level 1","Peru",NA,"Peru"
"Natalie Rasmey Devi Onezime","yes","Level 2","Phnom Penh",NA,"Cambodia"
"Sneha Reddy Kondapally","yes","Level 1","Pondicherry",NA,"India"
"Valentina Ramos Asmus","yes","Level 2","Porto",NA,"Brazil"
"Laura Zacher Miguel","yes","Level 2","Porto Alegre","RS","Brazil"
"Martina Heuser Pereira","yes","Level 2","Porto Alegre",NA,"Brazil"
"Marcos Silva","yes","Level 2","Recife",NA,"Brazil"
"Nitesh Batra","yes","Level 1","Bangalore",NA,"India"
"Priscila Navarini Coutinho","yes","Level 2","Sao Paulo",NA,"Brazil"
"Sagar Karahe","yes","Level 2","Sao Paulo",NA,"Brazil"
"Paola Napolitano","yes","Level 1","Sassari",NA,"Italy"
"Gabriele Severini","yes","Certified","Sassari",NA,"Italy"
"Tabata Trejo Briceno","yes","Level 2","Barcelona",NA,"Spain"
"Yuliya Perova","yes","Level 2","Blagoveshchensk",NA,"Russia"
"Maarit Nevanpera","yes","Level 1","Helsinki",NA,"Finland"
"Sagitova Aleksandra","yes","Level 2","Yekaterinburg",NA,"Russia"
"Linda Jane Douglas","yes","Level 1","Edinburgh",NA,"Scotland"
"Lee Meryung","yes","Level 2","Seoul",NA,"South Korea"
"Seungyeon Hong","yes","Level 2","Seoul",NA,"South Korea"
"Soo Young Kang (Nadi)","yes","Level 2","Seoul",NA,"South Korea"
"Hwang Seung Wook","yes","Level 2","Seoul",NA,"South Korea"
"Maria Beatrice Truffelli","yes","Level 1","Sevilla",NA,"Spain"
"Daniela Magalhaes","yes","Level 1","Pucon",NA,"Chile"
"Rodrigo Rivas","yes","Level 2","Santiago","RM","Chile"
"Fay Lee Thung Wiratchai","yes","Level 2","Bangkok",NA,"Thailand"
"Elena Figarola Comas","yes","Level 2","Barcelona",NA,"Spain"
"Joanna Lancaster","yes","Level 2","Geneva",NA,"Switzerland"
"Pavithra","yes","Level 2","Hebri",NA,"India"
"Yuling – Fu (A-Ling)","yes","Level 2","Kaohsiung",NA,"Taiwan"
"Natalia Senina","yes","Level 2","Moscow",NA,"Russia"
"Krystian Mesjasz","yes","Level 1","Opole",NA,"Poland"
"Liubov Badoni","yes","Level 1","Rishikesh",NA,"India"
"Sachin Badoni","yes","Level 1","Rishikesh",NA,"India"
"María Di Masso Cervera","yes","Level 2","Rosario",NA,"Argentina"
"Julieta Petean","yes","Level 2","Santa Fe",NA,"Argentina"
"James Figueira","yes","Level 2","Singapore",NA,"Singapore"
"Valerie Lee","yes","Level 1","Singapore",NA,"Singapore"
"Brett Porzio","yes","Level 2","Zurich",NA,"Switzerland"
"Chiara Castellan","yes","Level 2","Zurich",NA,"Switzerland"
"Wong Kin Cheung Spencer (Ken)","yes","Level 2","Shanghai",NA,"China"
"YanLi Sui (Jade)","yes","Level 1","Shanghai",NA,"China"
"Milena Jovanovic","yes","Level 1","Shanghai",NA,"China"
"John Jinson","yes","Level 2","Singapore",NA,"Singapore"
"Nadira Mohsin","yes","Level 1","Singapore",NA,"Singapore"
"Fiona Pullen","yes","Level 2","Avalon","NSW","Australia"
"Natalia A. Correa Mitrovic","yes","Level 2","Squamish",NA,"Canada"
"Inke Shenar","yes","Level 1","Hamburg",NA,"Germany"
"Nathalie Najem","yes","Level 2","Beirut",NA,"Lebanon"
"Chun Wu","yes","Level 2","Chengdu",NA,"China"
"Margarita Menendez Allende","yes","Level 2","Cuernavaca",NA,"Mexico"
"Nuno Vintem","yes","Level 1","Ericeira",NA,"Portugal"
"Maria Papaioannou","yes","Level 2","Athens",NA,"Greece"
"Hyeokjin Kwon","yes","Level 2","Seoul",NA,"South Korea"
"Hyunjeong Kim (Sabrina)","yes","Level 1","Seoul",NA,"South Korea"
"Piotr Kurpiasz","yes","Level 1","Wroclaw",NA,"Poland"
"Ok Hee Lee","yes","Level 2","Yangsan",NA,"South Korea"
"Michelle Brady","yes","Level 2","Northern Rivers","NSW","Australia"
"Gabriel Stinga Rihani","yes","Level 2","Sydney","NSW","Australia"
"LIN Chien Kang (CK)","yes","Level 1","Taichung",NA,"Taiwan"
"Chen I Chen (Eason)","yes","Level 2","Taipei",NA,"Taiwan"
"Lin Pei Jung (Kim)","yes","Level 2","Taipei",NA,"Taiwan"
"Candy Chan","yes","Level 2","Yoga Taiwan",NA,"Taiwan"
"Dorine Tordjman","yes","Level 2","Tel Aviv",NA,"Israel"
"Lior Hagai","yes","Level 2","Tel Aviv",NA,"Israel"
"Walter Sebastian Ferreyra","yes","Level 2","Yerba Buena",NA,"Argentina"
"Fiona Stang","yes","Level 2","Vancouver",NA,"Canada"
"Maryam Dalkilic","yes","Level 2","Vancouver",NA,"Canada"
"Rachel Reid","yes","Level 1","Victoria",NA,"Canada"
"Gina Wasserlein","yes","Level 1","Windsor",NA,"Canada"
"Dwi Willimann","yes","Level 2","Denpasar",NA,"Indonesia"
"Max Pascal","yes","Level 2","Wroclaw",NA,"Poland"
"Elinore Burke","yes","Level 2","Berlin",NA,"Germany"
"Sandeep. I. Sharma","yes","Level 2","Pune",NA,"India"
"Sonal Ishwar Sharma","yes","Level 2","Pune",NA,"India"
"Maria Turke","yes","Level 1","Vienna",NA,"Austria"
"Tetsuya Furukawa","yes","Level 1","Yokohama",NA,"Japan"
"Donna Southwell","yes","Level 2","Yorkshire",NA,"United Kingdom"
"Wang Xiang Kong","yes","Level 2","Wu Hu","An Hui","China"
"Bae Seo Yeon","yes","Level 2","Yuseong-gu","Daejeon","South Korea"
"Kaz Castillo","yes","Level 2","Cairo",NA,"Egypt"
"Lee Hyun Sook","yes","Level 2","Seoul",NA,"South Korea"
"Anette Joergens","yes","Level 1","Zurich",NA,"Switzerland"
"Seta Boroyan","yes","Level 2","Zurich","ZH","Switzerland"
