"name","authorization_level","shala","city","state","country"
"(Kranti) Renato Libonati","Certified","","The Light Yoga School Tokyo",NA,"Japan"
"Aaron Earley","Level 1","","Ashtanga Yoga Brisbane","QLD","Australia"
"Adam Keen","Level 2","Keen on ","Yoga London United",NA,"Kingdom"
"Adam Wade",NA,NA,NA,NA,NA
"Adan Corrovina Maya","Level 1","","Yoga Suecia Stockholm",NA,"Sweden"
"Adriana Hortas","Level 1","","Mysore Brussels Brussels",NA,"Belgium"
"Adriana Perez","Level 2",NA,"Sadhana Coconut",NA,"creek Florida United States of America"
"Aeryk Bjork","Level 2",NA,"Bandha Room Olympia","WA","United States of America"
"Agathe Padovani","Level 1","","Yoga Beirut",NA,"Lebanon"
"Aikaterini Vangelidi","Level 2","Chandra Yoga | ","Ashtanga Yoga Koukaki Athens",NA,"Greece"
"Ai Katsuoka",NA,NA,NA,NA,NA
"Aila A. Kattner","Level 2","","Yoga Berlin Berlin",NA,"Germany"
"Aimee Echo","Level 2",NA,"Yoga Long Beach Long Beach California United States",NA,"of America"
"Ainhoa Zubeldia Amondarain","Level 2","Ashtanga Yoga Donosti Donostia/San-","Gipuzkoa",NA,"Spain"
"Ajay Tokas",NA,NA,NA,NA,NA
"Akiko Tsugawa",NA,NA,NA,NA,NA
"Alejandra Gonzalez","Level 1","","Yoga Queretaro Queretaro",NA,"Mexico"
"Alejandra Lucia Atehortua",NA,NA,NA,NA,NA
"Aleksandr Smirkin","Level 1","","Ashtanga Yoga School Moscow",NA,"Russia"
"Alessandro Cioffari Bertalli","Level 1","","Yoga Varese Varese",NA,"Italy"
"Alex (AJ) Frye","Level 2",NA,"Tucson Tucson","AZ","United States of America"
"Alexandra Graterol","Level 2","","Ashtanga Shala Madrid",NA,"Spain"
"Alexandra Santos","Level 1",NA,"Life Center Miami Beach Florida United States",NA,"of America"
"Alexandra Tueva","Level 1","","Ashtanga Yoga Barcelona Barcelona",NA,"Spain"
"Alexia Koletsou","Level 1","","Yoga Basement Drama",NA,"Greece"
"Alexia Pita","Level 2","","Ashtanga Shala Madrid",NA,"Spain"
"Alice Cavazzuti","Level 2","Florence Ashtanga Yoga Florence (Firenze) ","Tuscany",NA,"Italy"
"Alice EE Wang Kachinski","Level 2",NA,"Yoga Houston Houston Texas United States",NA,"of America"
"Alice Viéville","Level 2",NA,"Yoga Houston Houston Texas United States",NA,"of America"
"Alicia Campostrini","Level 2","","Paris",NA,"France"
"Alicia Orr","Level 2",NA,"End Yoga Boston","MA","United States of America"
"Aline Fernandes","Level 2","","Somma Sao Paulo","SP","Brazil"
"Alisa Truong",NA,NA,NA,NA,NA
"Aliya Umirbaeva","Level 2","","Shala Antigua Sacatepequez",NA,"Guatemala"
"Allen Uy Enrique","Level 2","Aum Yoga house ","Yoga",NA,"house Quezon City Metro Manila Philippines"
"Alyson Stover","Level 1",NA,"Angeles Los Angeles California United States",NA,"of America"
"Alys Pardoe","Level 1","","Yoga Margaret River Margaret River Western Australia",NA,"Australia"
"Amanda Ferris","Level 2","Mysore Melbourne Northcote (Melbourne) ","Victoria",NA,"Australia"
"Amanda Marie Edmonds","Level 2",NA,"Yoga Lake Geneva Lake Geneva Wisconsin United States",NA,"of America"
"Amanda Markland","Level 2",NA,"Markland Group And Private Yoga Instruction United States",NA,"of America"
"Amanda Marquez","Level 2","","Yoga Isola Corte Corsica",NA,"France"
"Amit Kumar Singh",NA,NA,NA,NA,NA
"Amy Cheung","Level 2",NA,NA,NA,NA
"Amy Sanford","Level 1",NA,"Yoga Nacogdoches Nacogdoches Texas United States",NA,"of America"
"Amy Santos","Level 2",NA,"Brooklyn Brooklyn New York United States",NA,"of America"
"Ana Andole","Level 1","","Yoga Tucuman Yerba Buena Tucuman",NA,"Argentina"
"Ana Claudia Lopes e Souza","Level 2","Samatva Yoga Florianópolis ","Santa Catarina",NA,"Brazil"
"Ana Hollis","Level 2",NA,"Shala",NA,"of San Antonio San Antonio Texas United States of America"
"Anais Sorensen","Level 2","","Yoga Shala Santiago Metropolitana",NA,"Chile"
"Anand Zorzo Diez","Level 2","Ashtanga yoga Canarias, ","Las Palmas Las Palmas Gran Canaria Las Palmas",NA,"Spain"
"Anastasia Konstadinidis","Level 2","","Zen Milano Milano",NA,"Italy"
"Anastasia Whitmore","Level 2",NA,"Community Yoga Santa Rosa California United States",NA,"of America"
"Anastasiia Glebova","Level 2","Ashtanga yoga school by ","Glebova Omsk Omskaya",NA,"Russia"
"Andra’s Imre Bimba","Level 1","","Works Budapest Pest",NA,"Hungary"
"Andréa Drottholm","Level 2","","Bali Canggu Bali",NA,"Indonesia"
"Andrea Gutierrez",NA,NA,NA,NA,NA
"Andrea Picollo","Level 1","","Torino",NA,"Italy"
"Andreas Ruthemann","Level 1","","Yoga Hamburg Hamburg",NA,"Germany"
"Andrés Elias Tisminetzky",NA,NA,NA,NA,NA
"Andrew Bresnen","Level 2",NA,"Austin Austin Texas United States",NA,"of America"
"Andrew James Hillam","Certified",NA,"Yoga San Diego California United States",NA,"of America"
"Andrew Petker","Level 1",NA,NA,NA,NA
"Anette Joergens",NA,NA,NA,NA,NA
"Angela Jamison","Certified",NA,"Yoga Ann Arbor Ann Arbor","MI","United States of America"
"Angeles Blazquez Morcuende","Level 1","","Yoga Bilbao Bilbao Bizkaia",NA,"Spain"
"Angel Garcia","Level 2","","Yoga Practice Method Madrid",NA,"Spain"
"Angelika Anagnostou","Level 2","","Yoga Centre Goa",NA,"India"
"Angelina Tkalcic","Level 2",NA,NA,NA,NA
"Angelique Sandas","Level 1",NA,"Yoga West Palm Beach West Palm Beach Florida United States",NA,"of America"
"Angie Flores Saiffe M","Level 2","","Yoga Guadalajara Jalisco",NA,"Mexico"
"Ankush Gaur",NA,NA,NA,NA,NA
"Anna Babenko Elbaz","Level 2","","Yoga Amrita Breganzona Ticino",NA,"Switzerland"
"Anna Gureva","Level 1","Ashtanga Yoga Shala SPb St. ","Petersburg",NA,"Russia"
"Anna Haines","Level 1","","Yoga Jersey St Helier Channel Islands",NA,"Jersey"
"Anna Kravtsova","Level 1","Ashtanga","Moscow",NA,"Russia"
"Anna Laurin","Level 1","","Astangajooga Helsinki",NA,"Finland"
"Anna Muzzin","Level 2","","Ashtanga Hamilton Ontario",NA,"Canada"
"Anna Pushkareva","Level 2","","Platforma Moscow",NA,"Russia"
"Anna Wise","Level 2","","Yoga London London United",NA,"Kingdom"
"Anne Finstad","Level 2",NA,"Area Ashtanga Collective Mountain View California United States",NA,"of America"
"Anne Pinette","Level 2","","Yoga Brussels Brussels",NA,"Belgium"
"Anni Lehmijoki","Level 2",NA,NA,NA,NA
"Ann Lee","Level 2","Ashtanga@","Bahru Singapore",NA,"Singapore"
"Ann Svärdfelt",NA,NA,NA,NA,NA
"Anthony Lunardi",NA,NA,NA,NA,NA
"Antonella Accinelli",NA,NA,NA,NA,NA
"Anu Abdi",NA,NA,NA,NA,NA
"Anuradha Ingle","Level 1","","Yoga Hyderabad Hyderabad Telangana",NA,"India"
"Anurag Vassallo","Level 1","Ashtanga Yoga Ibiza (Anurag) San Miguel de ","San Miguel",NA,"de Balansat Balearic Islands Spain"
"Anya Yang","Level 1","","Ashtanga Space Guangzhou",NA,"China"
"Arathi Menon",NA,NA,NA,NA,NA
"Arezoo Bayat","Level 2","","Nilayam Tehran Tehran Tehran",NA,"Iran"
"Ariel Forcier",NA,NA,NA,NA,NA
"Arita Kriticou","Level 1","","Yoga Nicosia Nicosia",NA,"Cyprus"
"Arna Bjork Sveinsdottir","Level 2","","Shala Reykjavik Reykjavik",NA,"Iceland"
"Arne Espejel Diaz",NA,NA,NA,NA,NA
"Ashley Reed Southerland","Level 2",NA,"Yoga Austin Austin Texas United States",NA,"of America"
"Ashley von Arx",NA,NA,NA,NA,NA
"Ashtanga Yoga Shala Dublin","Level 1",NA,NA,NA,NA
"Asta Caplan","Level 2","","Spirit Munich Munich",NA,"Germany"
"Astrid Holte Ostbye","Level 2","","Yoga Oslo",NA,"Norway"
"Astrid Sheherazade Goelabdien","Level 1","","Attic Yoga The Hague Zuid Holland The",NA,"Netherlands"
"Ayako Iwakami","Level 2","Studio.B/","Yoga Piazza Vittoria Brescia Brescia Lombardia",NA,"Italy"
"Ayako Takaki","Level 1","","Mysoreyoga Kurashiki Kurashiki Okayama",NA,"Japan"
"Ayoung Nam",NA,NA,NA,NA,NA
"Ayumi Iseri","Level 2","LYC (Life Yoga Centre) ","Bangkok",NA,"Thailand"
"Bae Seo Yeon","Level 2",NA,"Daejeon Republic",NA,"of Korea"
"Balveer Singh Saran","Level 2","","Amman Amman",NA,"Jordan"
"Barbara G. Scott","Level 1",NA,"Irvington New York United States",NA,"of America"
"Barbara Süss","Level 1","","Vienna Ashtanga Yoga Shala Vienna",NA,"Austria"
"Barbara Vasquez","Level 2","","Yoga Sattva Shala Caba Buenos Aires",NA,"Argentina"
"Baryshnikova Tatiana","Level 1","","Yoga Moscow Moscow",NA,"Russia"
"Baryshnikov Dmitry","Level 2","","Yoga Moscow Moscow",NA,"Russia"
"Beata Skrzypacz","Level 2",NA,"Stanford California United States",NA,"of America"
"Beate Öcal","Level 1",NA,NA,NA,NA
"Bedanta Bikash Mishra",NA,NA,NA,NA,NA
"Bela Lipat","Level 1","Ashtanga Yoga Shala Jyväskylä Jyväskylä Keski-",NA,NA,NA
"Belen Garcia Tapetado Tendero","Level 2","","Ashtanga Shala Madrid",NA,"Spain"
"Belinda Schittengruber",NA,NA,NA,NA,NA
"Benson Kao (Wei Pang Kao)","Level 2","The Yoga Shala - ","Mysore Taipei Taipei",NA,"Taiwan"
"Bharath Basavaraju","Level 1","","Studio Shanghai",NA,"China"
"Bianca Oliveira","Level 2","","Yoga Katowice Katowice Silesia",NA,"Poland"
"Bibi Lorenzetti","Level 2",NA,"Yoga Newburgh Newburgh New York United States",NA,"of America"
"Bilge Sebnem Surmeli Topuz",NA,NA,NA,NA,NA
"Bing Ling Chen","Level 2","","Room Shanghai Shanghai",NA,"China"
"Bobbi Boston","Level 1",NA,"Yoga Sherman Oaks My Petite Shala Encino California United States",NA,"of America"
"Boonchu Tantikarun","Level 2","Ashtanga Yoga Center of Bangkok (AYBKK) ","Bangkok",NA,"Thailand"
"Boris Hopf","Level 1",NA,NA,NA,NA
"Borja Romero-Valdespino Jimenez","Level 2","","Yoga Madrid Madrid",NA,"Spain"
"Brenda Pasenau","Level 2","Ashtanga Yoga By Brenda Frankfurt am ","Yoga By Brenda Frankfurt",NA,"am Main Hessen Germany"
"Brett Porzio","Level 2","","Yoga Shala Zurich",NA,"Switzerland"
"Brice Elizabeth Watson","Level 1",NA,"House",NA,"of Yoga Alpharetta Georgia United States of America"
"Bryony Bird-Kock","Level 1","","Beach Yoga Cascais",NA,"Portugal"
"Camiel Van Doorn","Level 2","Take Practice Veghel Noord-","The",NA,"Netherlands"
"Camilla Chianella","Level 1","","Shala Perugia Perugia",NA,"Italy"
"Canan Özalp","Level 1","","Sala Istanbul",NA,"Turkey"
"Candy Chan","Level 2","","Yoga Taiwan",NA,"Taiwan"
"Carita Ahonen",NA,NA,NA,NA,NA
"Carla Laredo Moreno",NA,NA,NA,NA,NA
"Carmen Silvia Droege",NA,NA,NA,NA,NA
"Carmen Yague","Level 1","","School Madrid Madrid",NA,"Spain"
"Caro Gómez Galicia","Level 2","","Yoga Guate Guatemala",NA,"Guatemala"
"Carola della Croce","Level 2","","House Berlin Berlin",NA,"Germany"
"Caroline Labeur",NA,NA,NA,NA,NA
"Caroline Simpson","Level 2","","Bristol Bristol United",NA,"Kingdom"
"Carrie Chen","Level 2","","Beijing Beijing",NA,"China"
"Carrington Sobeck","Level 2",NA,"Las Vegas Las Vegas Nevada United States",NA,"of America"
"Catherine Followell","Level 2",NA,"Yoga Louisville Louisville Kentucky United States",NA,"of America"
"Catherine Hartshorn","Level 2",NA,"Yoga Austin Austin Texas United States",NA,"of America"
"Catherine Haylock","Level 2","","Creation London London United",NA,"Kingdom"
"Catherine Moran","Level 2","","Yoga Glasgow Glasgow Scotland United",NA,"Kingdom"
"Celia Agnoli",NA,NA,NA,NA,NA
"Chadi El Hnoud","Level 2","","Yoga Massa Massa Tuslany",NA,"Italy"
"Cha Jieun",NA,NA,NA,NA,NA
"Chandana Bhowmick","Level 2","Yoga","Surya Barcelona",NA,"Spain"
"Chang Jen-Wei (Simon)","Level 2","","Edition Taipei",NA,"Taiwan"
"Chang Paoyun","Level 2","","One Tatching City Nartun District",NA,"Taiwan"
"Charlotte Cox",NA,NA,NA,NA,NA
"Charlotte Lindstrom","Level 2","ashtangayoga.nu ","Stockholm",NA,"Sweden"
"Charmelle","Level 2","","Yoga Centre Cape Town Western Cape South",NA,"Africa"
"Cheng Lin Li","Level 2","SPACE ","Yoga New Taipei City",NA,"Taiwan"
"Chen I Chen (Eason)","Level 2","","Yoga Taipei",NA,"Taiwan"
"Chen Si","Level 2","","Nature Shanghai",NA,"China"
"Chen Tasi Hsiang",NA,NA,NA,NA,NA
"Chen Wei (Vanessa)","Level 1","Karma yoga ","Beijing",NA,"China"
"Chi-Hsin Chen","Level 2","","Yoga Centre Hangzhou",NA,"China"
"Chia-Ling (Visa), Chang","Level 2","","Edition Taipei City",NA,"Taiwan"
"Chiahui Chou","Level 1","","Journey Taipei",NA,"Taiwan"
"Chiang Chia Hsun",NA,NA,NA,NA,NA
"Chiara Castellan","Level 2","","Yoga Shala Zurich",NA,"Switzerland"
"Chiu Hsien Ya","Level 1","","Yoga Kaohsiung",NA,"Taiwan"
"Choi Hyo Jin","Level 2",NA,"Ashtanga Vidya Seoul Republic",NA,"of Korea"
"Chompreeya (Aoy) Reinsch","Level 2","Shraddha Ashtanga Bangkok - SABKK ","Prakanong Bangkok",NA,"Thailand"
"Chong Choon Kiat","Level 1","","Yoga Melaka Melaka",NA,"Malaysia"
"Chris Latham","Level 1",NA,"Yoga Flagstaff Flagstaff Arizona United States",NA,"of America"
"Christian Mathys",NA,NA,NA,NA,NA
"Christina Exarchou",NA,NA,NA,NA,NA
"Christina Hug","Level 2",NA,NA,NA,NA
"Christine Gregory","Level 1","","Bristol Bristol United",NA,"Kingdom"
"Christine Hoar","Level 1",NA,"Montauk Montauk New York United States",NA,"of America"
"Christopher Conn","Level 1","","Limoges Limoges",NA,"France"
"Christopher Paris","Level 1","","Lounge Newark Nottinghamshire United",NA,"Kingdom"
"Christopher Patmore",NA,NA,NA,NA,NA
"Christoph Wagner","Level 1","","Yoga Allgaeu Oberguenzburg Bavaria",NA,"Germany"
"Chun Wu","Level 2","","Yoga Studio Chengdu Sichuan",NA,"China"
"Cinzia Somarè","Level 1","Dharma Shala Ashtanga Yoga Monzae Brianza Lissone Monza e ","Shala Ashtanga Yoga Monzae Brianza Lissone Monza",NA,"e Brianza Italy"
"Claire Saunders","Level 2","Ashtanga Yoga Shala Provence Marseille/Aix en ","Provence Provence",NA,"France"
"Claudia Cecilia Paredes Salas","Level 2","","Yoga Living Lima",NA,"Peru"
"Claudia Vitale","Level 2","Ashtanga Yoga Shala, ","Bologna Bologna Emilia Romagna",NA,"Italy"
"Clayton Horton","Certified",NA,NA,NA,NA
"Clinton Griffiths","Level 2","","Jasper East Alberta",NA,"Canada"
"Clinton Griffiths","Level 2","","Jasper East Alberta",NA,"Canada"
"Colleen Dowd","Level 1","","Yoga Currumbin Valley Currumbin Valley Queensland",NA,"Australia"
"Connie Yan","Level 2",NA,NA,NA,NA
"Constanza Rios Frese","Level 2",NA,NA,NA,NA
"Cristy Cadano Toda",NA,NA,NA,NA,NA
"Curro Arroyo","Level 2",NA,NA,NA,NA
"Cyril Lagel","Level 1","Mysore Style Paris / ","Rasa Yoga Paris",NA,"France"
"Damhwi Chun (Sen)","Level 1",NA,"Republic",NA,"of Korea"
"Damien Meadows","Level 1","","Yoga Brussels Brussels",NA,"Belgium"
"Dana Tarasavage","Level 2",NA,"Tarasavage Private",NA,"and Virtual Ashtanga Yoga New York New York United States of America"
"Dan Fanthorpe","Level 2","","Yoga Auckland Auckland New",NA,"Zealand"
"Daniela Ceccarelli","Level 2","","Island Yoga Magnetic Island Queensland",NA,"Australia"
"Daniela Magalhaes","Level 1","","Yoga Shakti Pucon Pucon Araucania",NA,"Chile"
"Daniel Antonio Rodriguez Figueira","Level 1","","Pontevedra Galicia",NA,"Spain"
"Danielle de Sá (Dany Sa)","Level 2","Ashtanga Yoga Rio Rio de ","Yoga Rio Rio",NA,"de Janeiro Brazil"
"Daniel Wu (Lijen Wu)","Level 2","The Yoga Shala - ","Mysore Taipei Taipei",NA,"Taiwan"
"Daria Aleshina","Level 2","Holi Yoga & ","Cafe Moscow",NA,"Russia"
"Daria Glushkova","Level 2","","Studio Myata Novosibirsk Novosibirskaya Oblast",NA,"Russia"
"Daria Immerman",NA,NA,NA,NA,NA
"Daria Jankowska",NA,NA,NA,NA,NA
"Dariusz Markiewicz",NA,NA,NA,NA,NA
"David Fredriksson","Level 1","Yogayama Östermalm ","Stockholm",NA,"Sweden"
"David G. Rogers",NA,NA,NA,NA,NA
"David Kessel","Level 2",NA,"Yoga North Adams North Adams Massachusetts United States",NA,"of America"
"David Miliotis","Level 2",NA,"Yoga Orange County Irvine California United States",NA,"of America"
"David Robson","Level 2","Ashtanga Yoga Centre of ","Yoga Centre",NA,"of Toronto Toronto Ontario Canada"
"Dawn Blevins",NA,NA,NA,NA,NA
"Dean Hollingsworth","Level 2",NA,"Ashtanga Yoga Shala Dallas Texas United States",NA,"of America"
"Deborah Williams","Level 1",NA,"Yoga Montclair Montclair New Jersey United States",NA,"of America"
"Deepika Mehta","Level 2","","Mehta Yoga Bali",NA,"Indonesia"
"Deirdre O’Donoghue","Level 1","Ashtanga Yoga Kerry Co.",NA,NA,NA
"Dena Kingsberg","Certified","","Shala Byron Bay Byron Bay New South Wales",NA,"Australia"
"Denisa Sengerova","Level 1","","Prague Prague Czech",NA,"Republic"
"Denise Chew","Level 2","Ashtanga with ","Denise",NA,"Singapore"
"Denise Krell","Level 1",NA,"Joseph","MI","United States of America"
"Deniz Akpece",NA,NA,NA,NA,NA
"Devorah Sacks","Level 2",NA,"Yoga Grass Valley California United States",NA,"of America"
"Dhewayani Virgita Pienta","Level 2",NA,"Yoga Toledo Toledo Ohio United States",NA,"of America"
"Digna Popat",NA,NA,NA,NA,NA
"Dongjin Kim","Certified",NA,"Seoul Republic",NA,"of Korea"
"Donna Southwell","Level 2","","Southwell Yoga Hebden Bridge West Yorkshire United",NA,"Kingdom"
"Dorine Tordjman","Level 2","","Yoga Tel Aviv Tel Aviv",NA,"Israel"
"Doug Taukobong-Olsen","Level 2","3 ","Method Space United",NA,"Kingdom"
"Dr. Sowmya Subramanyam","Level 1","","Ashtanga Yoga Mysuru Karnataka",NA,"India"
"Dwi Willimann","Level 2","","Yoga With Dwi Bali Denpasar Bali",NA,"Indonesia"
"Dylan I Bernstein","Level 1",NA,NA,NA,NA
"Eagle","Level 1",NA,"Yoga Kauai Kauai Hawaii United States",NA,"of America"
"Edilberto Pérez González","Level 2","","Fitness Hangzhou",NA,"China"
"Ekaterina (KAT) Sokotova","Level 2","MysoreClassSPb Saint-",NA,NA,NA
"Ekaterina Kovinskaya","Level 2","Mysore Class SPB ","Class","SPB","Saint Petersburg Russia"
"Ekaterina Orlova",NA,NA,NA,NA,NA
"Ekaterina Voronova","Level 1","","Place Yekaterinburg Ural",NA,"Russia"
"Ekaterina Yastrembskaya","Level 2","","Yoga Ashukino Ahukino Moscow",NA,"Russia"
"Eleftheria (ERI) Oikonomidou","Level 1","","Yoga Ano Patissia Athens Attica",NA,"Greece"
"Eleftheria Lagoudaki","Level 1","Ashtanga Yoga Athens 2002 ","Athens Attiki",NA,"Greece"
"Elena Calle Monago","Level 1","","Prasadanam Badajoz Extremadura",NA,"Spain"
"Elena Figarola Comas","Level 2","","Yoga Shala Barcelona Barcelona",NA,"Spain"
"Elena Pinto","Level 1","","Space West Perth","WA","Australia"
"Elena Vladimirova",NA,NA,NA,NA,NA
"Elinore Burke","Level 2","","Yoga Zentral Berlin Berlin",NA,"Germany"
"Elise Espat",NA,NA,NA,NA,NA
"Elise Greenspoon","Level 2","","Yoga Groningen The",NA,"Netherlands"
"Elizabeth Ann Ball","Level 1","","Yoga Lisbon Lisbon",NA,"Portugal"
"Elizabeth Van Genderen","Level 2",NA,"Yoga Denver Denver Colorado United States",NA,"of America"
"Eliza Eshelman","Level 1",NA,"Yoga Fort Wayne Fort Wayne","IN","United States of America"
"Ellie Kaufman Wannemacher","Level 1",NA,"Yoga Minneapolis St Paul","MN","United States of America"
"Eloisa Fernandez Iskandar","Level 2","The New Shala - ","Ashtanga Yoga Maastricht Maastricht Limburg The",NA,"Netherlands"
"Emanuele Rossi","Level 2","","Yoga Cheltenham Cheltenham United",NA,"Kingdom"
"Emilia Afentaki","Level 1","","Yoga Kalamata Greece Kalamata",NA,"Greece"
"Emma Hetherington","Level 2","","Yoga London London Greater London United",NA,"Kingdom"
"Emma Isokivi","Level 2","","Yoga Edinburgh Edinburgh Scotland United",NA,"Kingdom"
"Emma O’Neill","Level 2","","Toronto Toronto Ontario",NA,"Canada"
"Eng Eng, Tio","Level 1",NA,NA,NA,NA
"Erez Galil",NA,NA,NA,NA,NA
"Erica Morton Magill","Level 2",NA,"California United States",NA,"of America"
"Ericka Sparber",NA,NA,NA,NA,NA
"Eric Stauffer","Level 2",NA,"Mysore Community Denver Colorado United States",NA,"of America"
"Erika Pinna","Level 2","Ashtanga Yoga Cagliari - AYC ","Cagliari Cagliari",NA,"Italy"
"Erik Hardenbol","Level 1",NA,"Yoga Houston Houston Texas United States",NA,"of America"
"Erik Sniedze",NA,NA,NA,NA,NA
"Erin Elizabeth Patton","Level 1",NA,"Yoga Nacogdoches Nacogdoches Texas United States",NA,"of America"
"Eskil Schilling","Level 2",NA,"Yoga Studio Copenhagen",NA,"N Denmark"
"Esmeralda Lamas","Level 2",NA,"Life Center Miami","FL","United States of America"
"Estefania Bravo Roman","Level 1","Mysore Gijón Ashtanga Yoga Gijón ","Asturias",NA,"Spain"
"Esther Sutjiawan",NA,NA,NA,NA,NA
"Ethan Ward","Level 2","","Yoga Centre Cape Town Western Cape South",NA,"Africa"
"Eunji Shin","Level 2",NA,"Republic",NA,"of Korea"
"Eva Miklosova","Level 1",NA,NA,NA,NA
"Evangeline Pinette","Level 2","","Yoga Brussels Brussels",NA,"Belgium"
"Eva Zikis","Level 2","","Koh Phangan Koh Phangan Surat Thani",NA,"Thailand"
"Evelina Pronina","Level 1","Yoga","Studio Moscow",NA,"Russia"
"Ewa Jedrzejczyk",NA,NA,NA,NA,NA
"Ewelina Bejgrowicz","Level 1","","Jogi Balans Bydgoszcz",NA,"Poland"
"Faith Scimecca","Level 2",NA,"Park Yoga Washington","DC","United States of America"
"Faiza Moore","Level 1",NA,"Yoga Fairbanks Fairbanks Alaska United States",NA,"of America"
"Fátima García de Andrés","Level 2","","Ashtanga Yoga Dubai United Arab",NA,"Emirates"
"Fay Lee Thung Wiratchai","Level 2","","Yoga Shala Bangkok Bangkok",NA,"Thailand"
"Fernando Gorostiza Esquerdeiro","Level 2","","Yoga Bilbao Bilbao Bizkaia",NA,"Spain"
"Fernando Pacheco","Level 1","","Fernando Ashtanga Gothenburg",NA,"Sweden"
"Fetisova Anastasiia",NA,NA,NA,NA,NA
"Fiona Pullen","Level 2","","Yoga Space Avalon","NSW","Australia"
"Fiona Stang","Level 2","","Yoga Vancouver Vancouver British Columbia",NA,"Canada"
"Flora Brajot","Level 2","","Shala Bordeaux Gironde",NA,"France"
"Frances Cole Jones","Level 1",NA,"Yoga Center",NA,"for Healing Arts Amagansett New York United States of America"
"Francisca Paz Vargas Larenas",NA,NA,NA,NA,NA
"Franziska Guentensperger",NA,NA,NA,NA,NA
"Frida Sjogren","Level 2","","Stockholm",NA,"Sweden"
"Funda Antmen Koprulu",NA,NA,NA,NA,NA
"Gabriela Mikolajczak",NA,NA,NA,NA,NA
"Gabriele (Gabi) Neubert","Level 1","Yogabi - ","Ashtanga Yoga Kempten Kempten Bavaria",NA,"Germany"
"Gabriele Severini","Certified","","Yoga Sassari Sassari Sardinia",NA,"Italy"
"Gabriella Pascoli","Level 2","","Ashtanga Yoga Palu Di Fersina Trento",NA,"Italy"
"Gabriel Stinga Rihani","Level 2","","Yoga Sydney Sydney","NSW","Australia"
"Gaynor Stanicic",NA,NA,NA,NA,NA
"Gebhard Ebert","Level 2",NA,"Texas New Braunfels Texas United States",NA,"of America"
"Gemma Gaset Garralla",NA,NA,NA,NA,NA
"Geoff Mackenzie","Level 2","","Light Yoga Vancouver","BC","Canada"
"George Whiteside","Level 2",NA,"Yoga Boston Cambridge","MA","United States of America"
"Gerard Forlee",NA,NA,NA,NA,NA
"Giacomo Coppo","Level 2","","Yoga Arona Arona Novara",NA,"Italy"
"Giada Consoli","Level 1",NA,NA,NA,NA
"Gian Renato Marchisio","Level 2","","Sutra Studio Torino Italy",NA,"Italy"
"Gillian Mooney","Level 2","","Yoga Ireland",NA,"Ireland"
"Gina Wasserlein","Level 1","","Yoga Windsor Maidstone Ontario",NA,"Canada"
"Giuseppe Mario Ferrara","Level 1","","Shala Ashtanga Yoga Monza Brianza Lissone Monzabrianza",NA,"Italy"
"Glenn A Bergstrom","Level 2",NA,"Yoga Missoula Missoula Montana United States",NA,"of America"
"Grace Tai",NA,NA,NA,NA,NA
"Grahek Aurelie","Level 2","Yoga","Lyon",NA,"France"
"Gregory Steward","Level 2",NA,"Vidya Seoul Republic",NA,"of Korea"
"Griselda Layno Delgado","Level 1","Ashtanga Yoga Tenerife La Laguna Tenerife, ","Canary Islands",NA,"Spain"
"Guillermo Salomon","Level 1","","Yoga Buenos Aires Buenos Aires",NA,"Argentina"
"Guo Can","Level 2","","Ashtanga Yoga Wuhan Hu Bei",NA,"China"
"Gururaja Anemajal","Level 2","","Yoga Kendra Bengaluru Karnataka",NA,"India"
"Haeyoung Koo",NA,NA,NA,NA,NA
"Hamish Hendry","Certified","","Yoga London London United",NA,"Kingdom"
"Han-A Kwon","Level 2",NA,"Republic",NA,"of Korea"
"Haney Sammy","Level 1","Shanti Yoga Cairo (SYC) ","Cairo",NA,"Egypt"
"Hanna Holmsater","Level 1","","Mora",NA,"Sweden"
"Hanna Mjöberg","Level 2","","Yoga Falkenberg Falkenberg Halland",NA,"Sweden"
"Harmony Slater","Certified","","Mysore Room Calgary Alberta",NA,"Canada"
"Hayoung Kim","Level 2",NA,"Seoul Republic",NA,"of Korea"
"Heather Serna","Level 2",NA,"Tampa Bay Clearwater Florida United States",NA,"of America"
"Héctor Baeza Sánchez","Level 1","","House Madrid Madrid",NA,"Spain"
"Hediarty Natalia Batubara","Level 1","AshtangaYoga@42 ","Jakarta Jakarta Pusat",NA,"Indonesia"
"Heejung Won","Level 2",NA,"Hatha Yoga Seoul Republic",NA,"of Korea"
"Heidi Ruokoniemi",NA,NA,NA,NA,NA
"Helena Hertz Melkjorsen","Level 1","Mysore Yoga CPH ","Yoga","CPH","Copenhagen Denmark"
"Helena Rosenthal","Level 2",NA,NA,NA,NA
"Henrik Ahvenainen",NA,NA,NA,NA,NA
"Hideki Inoue","Level 2","","East Tokyo Chuouku Higashinihonbashi Tokyo",NA,"Japan"
"Hilda Norberg","Level 1","","Ochinrebalans Stocksund Stockholm",NA,"Sweden"
"Hiroko Iida Dobbin","Level 2","Ashtanga Yoga the 8 limbs ","Motomachi Kobe Hyogo",NA,"Japan"
"Hiroko Kusuhara","Level 2","True Colors Mysore Setagaya-ku ","Tokyo",NA,"Japan"
"Hitomi Endo","Level 2","Ashtanga Shizuoka Shizuoka-Shi Shizuoka-",NA,NA,NA
"Hojung Audenaerde","Level 2",NA,"Seoul Republic",NA,"of Korea"
"Holly Menzies","Level 2",NA,"Yoga Snohomish Snohomish Washington United States",NA,"of America"
"Hong Hyunwon (Veronica)","Level 2","NESSENCEYOGA DongZhiMen Studio Beijing Dong","Studio Beijing",NA,"DongCheng District Beijing China"
"Hong SeungJun","Level 2",NA,"Republic",NA,"of Korea"
"Horst Rinnerberger","Level 2","","Pureyoga Vienna Vienna",NA,"Austria"
"Hwang Eun Sun",NA,NA,NA,NA,NA
"Hwang Seung Wook","Level 2",NA,"Yoga Seoul Seoul Republic",NA,"of Korea"
"Hwasun Lee","Level 2",NA,"Seoul Seoul Republic",NA,"of Korea"
"Hyekyoung Kang","Level 2",NA,"Spotera Seoul Republic",NA,"of Korea"
"Hyeokjin Kwon","Level 2",NA,"Yoga Studio Seoul Republic",NA,"of Korea"
"Hyunjeong Kim (Sabrina)","Level 1",NA,"Yoga Studio Seoul Republic",NA,"of Korea"
"Iain Grysak","Level 2","Spacious Yoga Ubud Gianyar, ","Bali",NA,"Indonesia"
"Ian Cheney","Level 1","","Breathing Ashtanga Yoga Berlin",NA,"Germany"
"Ida Koczor","Level 2","","Souk Beirut Beirut",NA,"Lebanon"
"Ignacio Arreses","Level 2","","Yoga Almagro Caba Buenos Aires",NA,"Argentina"
"Il Nam","Level 1",NA,"Republic",NA,"of Korea"
"Iman Elsherbiny","Level 2","","Yoga Egypt Cairo",NA,"Egypt"
"Inger Kristine Havag",NA,NA,NA,NA,NA
"Inke Shenar","Level 1","","Yoga Sternschanze Hamburg",NA,"Germany"
"Inna Costantini","Level 1","","Yoga London London United",NA,"Kingdom"
"Irantzu Rekalde","Level 2","","Yoga Belaku Noosa Heads",NA,"Australia"
"Irene Del Valle","Level 2","","Shala Antigua Sacatepequez",NA,"Guatemala"
"Irene Zaarour",NA,NA,NA,NA,NA
"Iryna Panarina","Level 1","","Shala Kyiv Kyiv",NA,"Ukraine"
"Isabella Nitschke","Level 2","","Yoga Malmo Malmo Scania",NA,"Sweden"
"Isa Guitana","Level 1","Casa Vinyasa - ","Ashtanga Yoga Shala Lisboa",NA,"Portugal"
"István Szalai","Level 1","","Works Budapest",NA,"Hungary"
"Izabela Langner-Rego","Level 1","","Yoga Here London United",NA,"Kingdom"
"Jack Sidnell","Level 1","","Toronto Ontario",NA,"Canada"
"Jacob (Chun-Chih) CHEN","Level 2","AYTPE (Ashtanga Yoga Taipei) ","New Taipei City",NA,"Taiwan"
"Jaehee Lee","Level 2",NA,"Republic",NA,"of Korea"
"Jaesun Choi (Woosun Choi)","Level 2",NA,"Seoul Seoul Republic",NA,"of Korea"
"Jagadeesan Kamalan","Level 1","Ashtanga Yoga Shala, ","Hinwil Hinwil",NA,"Switzerland"
"Jaime Couttolenc Barcena","Level 2","Sayuri Healing Food Café ","Ubud Bali",NA,"Indonesia"
"Jaja Wu Zhen","Level 2","JajaYoga Sanya & ","Kunming Hainan",NA,"China"
"Jake Barr","Level 1","","Ashtanga Bundagen","NSW","Australia"
"James Figueira","Level 2","","Yoga Shala Singapore",NA,"Singapore"
"James Hughes","Level 1","","Yoga Kingston Kingston Ontario",NA,"Canada"
"Jami Broom",NA,NA,NA,NA,NA
"Janet Parra Orreyo","Level 2","","Dharma Shala Plentzia Vizcaya",NA,"Spain"
"Jane Wyer","Level 1","","Yoga Nottingham Nottingham Nottinghamshire United",NA,"Kingdom"
"Jannika Kuehn",NA,NA,NA,NA,NA
"Jeffery Lichty","Level 2","","Ashtanga Yoga School Calgary Alberta",NA,"Canada"
"Jelena Polakova",NA,NA,NA,NA,NA
"Jenna Longoria","Level 1",NA,"Yoga Houston Houston Texas United States",NA,"of America"
"Jennifer Brown",NA,NA,NA,NA,NA
"Jennifer Dougherty",NA,NA,NA,NA,NA
"Jennifer Knox","Level 2",NA,"Ayurveda Las Vegas Las Vegas","NV","United States of America"
"Jenny Raymundo","Level 2","","Space Antwerpen Antwerpen",NA,"Belgium"
"Jens Bache","Level 1","Astanga Yoga of ","Yoga",NA,"of Copenhagen Frederiksberg Copenhagen Denmark"
"Jesse Gordon","Level 2",NA,"Knowledge Center Agoura Hills California United States",NA,"of America"
"Jessica Blake",NA,NA,NA,NA,NA
"Jessica Hunt","Level 1",NA,"Yoga Columbus Columbus Ohio United States",NA,"of America"
"Jessica Lynne Trese","Level 1",NA,"Yoga Cedar City","UT","United States of America"
"Jessica Schroeder",NA,NA,NA,NA,NA
"Jessica Sharry",NA,NA,NA,NA,NA
"Jessica Vyas","Level 1",NA,"Collective Los Angeles California United States",NA,"of America"
"Jill Ainsworth",NA,NA,NA,NA,NA
"Jillian Fuleky","Level 2",NA,"Ann Arbor Ann Arbor Michigan United States",NA,"of America"
"Jim Jamila","Level 2",NA,"Yoga Los Angeles Los Angeles California United States",NA,"of America"
"Jiyeon Chai",NA,NA,NA,NA,NA
"Jiyoung Kim","Level 2",NA,"Seoul Republic",NA,"of Korea"
"Joan Isbell",NA,NA,NA,NA,NA
"Joanna Lancaster","Level 2","","Yoga Shala Geneva Geneva",NA,"Switzerland"
"Johanna Austeen Gjestland","Level 2","Hi","Majorstuen Oslo",NA,"Norway"
"John Bultman","Certified",NA,"Virginia Ashtanga Yoga Charlottesville","VA","United States of America"
"John Jinson","Level 2","","Yoga Singapore",NA,"Singapore"
"Johnna Smith","Level 2",NA,"Charlotte North Carolina United States",NA,"of America"
"Johnny Haag",NA,NA,NA,NA,NA
"Johnny Smith","Certified",NA,"Yoga Studio Sebastopol California United States",NA,"of America"
"John Schneider","Level 2",NA,"Yoga Queens New York United States",NA,"of America"
"John Vincent Shrader","Level 2",NA,"Yoga Louisville Kentucky United States",NA,"of America"
"Jonata Puente","Level 2","","Mysore Ashtanga Sao Paulo Sao Paulo",NA,"Brazil"
"Jonathan Hancock","Level 1","","Bristol Bristol United",NA,"Kingdom"
"Jordan Turner","Level 2","Mysore style ","Inner West Sydney","NSW","Australia"
"Jörgen Christiansson","Certified",NA,"Yoga Ashtanga Yoga Los Angeles Los Angeles","CA","United States of America"
"Jørn Andre Tangen","Level 1",NA,NA,NA,NA
"Jose Carballal","Level 2","","House Madrid Madrid",NA,"Spain"
"Jose Fernandez Pena","Level 2","","Yoga Shoreditch London United",NA,"Kingdom"
"Joseph Armstrong","Level 2",NA,"Life Center Miami Beach Florida United States",NA,"of America"
"Joseph Tan",NA,NA,NA,NA,NA
"Joumana Saber","Level 1","","Yoga Dubai United Arab",NA,"Emirates"
"Joumana Saber","Level 1","","Yoga Dubai United Arab",NA,"Emirates"
"Joyce M. Calilung","Level 2",NA,NA,NA,NA
"Joyce McMiken","Level 1","","Yoga Covent Garden London United",NA,"Kingdom"
"Juan Carlos Galan",NA,NA,NA,NA,NA
"Jules Sung",NA,NA,NA,NA,NA
"Julia Montesdeoca Arbona","Level 1","","Yoga Canarias Islas Canarias",NA,"Spain"
"Juliana Solovian","Level 2","","Recoleta Buenos Aires Caba",NA,"Argentina"
"Julian di Giovanni",NA,NA,NA,NA,NA
"Julie Choi Trepkau","Level 1",NA,"Yoga Encinitas Encinitas California United States",NA,"of America"
"Julieta Petean","Level 2","","Yoga Shala Santa Fe Santa Fe",NA,"Argentina"
"Jung Jin Ju","Level 2",NA,"Republic",NA,"of Korea"
"Junior Cesar Piros","Level 2","","Yoga Bh Belo Horizonte Minas Gerais",NA,"Brazil"
"Jurre Twijnstra","Level 1","","Embassy The Hague Zuid Holland The",NA,"Netherlands"
"Justyna Jaworska","Level 1","","Shala Warsaw Mazowieckie",NA,"Poland"
"Kalyan Kaur","Level 2","","Yoga Basildon Basildon Essex United",NA,"Kingdom"
"Kang Min Jeong (Arjuna)","Level 2",NA,"Busan Republic",NA,"of Korea"
"Kapil Saini","Level 1","","Yoga Jaipur Jaipur Rajasthan",NA,"India"
"Karen Cairns","Level 1",NA,"East Louisville Kentucky United States",NA,"of America"
"Karen Dew Cheuk Ka","Level 1",NA,NA,NA,NA
"Karen Kelley","Level 2",NA,"Phoenix Phoenix Arizona United States",NA,"of America"
"Karina Calderon","Level 2","Ashtanga Yoga Pichilemu Pichilemu O'",NA,NA,NA
"Karla Armenta Fernandez","Level 2","","Atma Mexico City Puebla",NA,"Mexico"
"Karolina Suminska","Level 2",NA,NA,NA,NA
"Karyn Grenfell","Certified","","Yoga Melbourne Melbourne Victoria",NA,"Australia"
"Kate ODonnell","Level 2",NA,"Yoga Portland Maine Portland Maine United States",NA,"of America"
"Katharina Kroepfel","Level 1","Ashtanga-Yoga-","Innsbruck",NA,"Austria"
"Katia Garcia Gomez","Level 1","","Yoga Eindhoven Eindhoven The",NA,"Netherlands"
"Katie Kehoe","Level 2",NA,"Black Rock Bridgeport","CT","United States of America"
"Katy Jane Scherer","Level 1","","Vinyasa People Bonn","NRW","Germany"
"Kayoko Kanda","Level 1","","Yoga Hyogo Savitri Kobe Hyogo Prefecture",NA,"Japan"
"Kayo Shiogai","Level 2","","Kyoto Kyoto",NA,"Japan"
"Kaz Castillo","Level 2","","Zamalek Cairo",NA,"Egypt"
"Kazumi Nishikawa","Level 2","Yoga Studio AYUR ","Studio",NA,"AYUR Akashi Hyogo Japan"
"Keigo Yamaguchi","Level 2","Ashtanga Yoga Kyoto - ","Sadhana Shala Kyoto City Kyoto",NA,"Japan"
"Keiko Hirakawa",NA,NA,NA,NA,NA
"Keiko Shimizu","Level 1","","Yoga Kobe Kobe City Hyogo Ken",NA,"Japan"
"Kelly Kui-Hsien, Hsu","Level 2","Ashtanga Yoga Taipei-AYTPE ","Taipei Taiwan",NA,"Taiwan"
"Kenneth Jude Vanderhoff",NA,NA,NA,NA,NA
"Kerstin Bilgmann","Level 2","","Sydney","NSW","Australia"
"Khushboo Jain",NA,NA,NA,NA,NA
"Kimberly Daglen","Level 2",NA,"Breathe Ashtanga Portland Oregon United States",NA,"of America"
"Kim Eun Kyung","Level 1",NA,"Seoul Republic",NA,"of Korea"
"Kim Hee Jeong","Level 1",NA,"Sadhana Seoul Republic",NA,"of Korea"
"Kim Hyeran",NA,NA,NA,NA,NA
"Kim Ji Won","Level 2",NA,"Republic",NA,"of Korea"
"Kim Nietch","Level 1",NA,"Cincinnati Cincinnati Ohio United States",NA,"of America"
"Kim Tae Bong","Level 2",NA,"Seoul Republic",NA,"of Korea"
"Kim Yanghee","Level 2",NA,"Yoga Academy Busan Republic",NA,"of Korea"
"Kim young mi","Level 2",NA,"Republic",NA,"of Korea"
"Kino MacGregor","Certified",NA,"Life Center Miami Florida United States",NA,"of America"
"Kiril Ljubenov Yordanov","Level 1","","Sofia Ashtanga Yoga Sofia",NA,"Bulgaria"
"Kiri Sutherland","Level 2","","Yoga Gisborne Tairawhiti New",NA,"Zealand"
"Krista Shirley","Level 2",NA,"Yoga Shala Winter Park Florida United States",NA,"of America"
"Kristine Mae Quiray","Level 2","Ashtanga Yoga QC ","Yoga","QC","Quezon City Metro Manila Philippines"
"Krystian Mesjasz","Level 1","","Yoga Shala Opole Opolskie",NA,"Poland"
"Ksenia Sergeeva","Level 2",NA,NA,NA,NA
"Kseniia Zhorova",NA,NA,NA,NA,NA
"Kyleen “Kai” Maciel","Level 2",NA,"Yoga San Diego","CA","United States of America"
"Kylie Lee","Level 1","","Corner Perth Western Australia",NA,"Australia"
"Kyohei Ishikawa","Level 2","","Yoga Nagoya Nagoya Aichi",NA,"Japan"
"Kyriakos Hadjiphilippou","Level 1","Ashtanga Nicosia-","Center Nicosia",NA,"Cyprus"
"Kyu Bin Choi","Level 2",NA,"Yoga Nowoh",NA,"gu Seoul Republic of Korea"
"L. Kyle Eaton",NA,NA,NA,NA,NA
"Laia Yanez Blasco","Level 2","","Barcelona Ashtanga Yoga Barcelona",NA,"Spain"
"Laila Mahmud-Kirkpatrick","Level 2","","House Yoga Maylands Western Australia",NA,"Australia"
"Lainie Cook","Level 2",NA,NA,NA,NA
"Lakshmi Kampli",NA,NA,NA,NA,NA
"Lapatsanan (Jamsai) Tantikarun","Level 2","Ashtanga Yoga Center of Bangkok (AYBKK) ","Bangkok",NA,"Thailand"
"Lara Freire Bezerra De Sant’ Anna","Level 2","","Shala Ashtanga Yoga Aracaju Aracaju Sergide",NA,"Brazil"
"Lara Land","Level 2",NA,"Yoga New York United States",NA,"of America"
"Larissa Heffernan","Level 2",NA,"Milwaukee Wisconsin United States",NA,"of America"
"Larry Giulio Hobbs","Level 2",NA,"Ashtanga Yoga Shala Wilmington North Carolina United States",NA,"of America"
"Laruga Glaser","Certified","","Stockholm",NA,"Sweden"
"Laumond Pauline","Level 2","Yoga Village Batignolles Paris Ile-de-",NA,NA,NA
"Laura Griskeviciute","Level 1","Mysore Zurich | ","Ashtanga Yoga Zurich",NA,"Switzerland"
"Laura Pellegrini","Level 1","","Yoga Peru Miraflores Lima",NA,"Peru"
"Laura Spaulding","Level 2",NA,"Louisville Kentucky United States",NA,"of America"
"Laura Zacher Miguel","Level 2","","Yoga Porto Alegre Porto Alegre","RS","Brazil"
"Lauren Munday","Level 2","","Yoga London London United",NA,"Kingdom"
"Lee Dong Jun (Leonlee)","Level 1","NESSENCEYOGA Cui","Studio Beijing Haidian District Beijing",NA,"China"
"Lee Hyun Sook","Level 2",NA,"Zen Seoul Republic",NA,"of Korea"
"Lee Ki Joo",NA,NA,NA,NA,NA
"Lee Meryung","Level 2",NA,"Yoga Seoul Republic",NA,"of Korea"
"Lee Sanghu","Level 2",NA,"Gyeongsangnam Do Republic",NA,"of Korea"
"Leo Castro","Level 2","Coletivo Mysore SP São ","Paulo",NA,"Brazil"
"Leonid Lanin","Level 2","Ashtanga","Moscow",NA,"Russia"
"Leticia Garcia Bocanegra",NA,NA,NA,NA,NA
"Liad Somech",NA,NA,NA,NA,NA
"Li Chun Ho","Level 2",NA,NA,NA,NA
"LIN Chien Kang (CK)","Level 1","","Yoga Taichung Taichung",NA,"Taiwan"
"Linda Jane Douglas","Level 1","","Yoga Scotland Edinburgh Midlothian",NA,"Scotland"
"Linde Hartman","Level 1","","Hartman Yoga Groningen The",NA,"Netherlands"
"Lindsay Hilscher",NA,NA,NA,NA,NA
"Lin I-tzu (Amber Lin)","Level 2","","Yoga Chiayi City",NA,"Taiwan"
"Lin Pei Jung (Kim)","Level 2","","Yoga Taipei",NA,"Taiwan"
"Lior Hagai","Level 2","","Yoga Tel Aviv Tel Aviv",NA,"Israel"
"Lisa Billvik Noren","Level 1","","Yoga Osterlen Skane",NA,"Sweden"
"Lisa Lalér","Level 2","","Stockholm Stockholm",NA,"Sweden"
"Lisa Ogletree",NA,NA,NA,NA,NA
"Lisa Samuda","Level 1","","Yoga Kingston Kingston Ontario",NA,"Canada"
"Lisa Upton",NA,NA,NA,NA,NA
"Lisa Wolfe",NA,NA,NA,NA,NA
"Liubov Badoni","Level 1","","Yoga Shala Rishikesh Rishikesh Uttarakhand",NA,"India"
"Liubov Pesennikova",NA,NA,NA,NA,NA
"Livia Dos Santos Varella","Level 2",NA,"Varella Yoga Porto Alegre Rio Grande Do",NA,"gul Brazil"
"Li Xuan","Level 1","","Ashtanga Yoga Wuhan Hu Bei",NA,"China"
"Liza DiGaetano","Level 2",NA,"Yoga San Diego","CA","United States of America"
"Liz Carrasquel","Level 2","","Samasthitih Caracas Miranda",NA,"Venezuela"
"Lladiu de la Mata","Level 1","Ashtanga Yoga Basel Basel Basel-",NA,NA,NA
"Lleonard Escandell (Lleo)","Level 2","","Yoga Las Palmas Canarias",NA,"Spain"
"Loreto Cortés Salazar","Level 2","Ashtanga Yoga Chile Ñuñoa ","Santiago",NA,"Chile"
"Loreto Rojas Retamal",NA,NA,NA,NA,NA
"Louise Newton","Level 1","","Yoga London London United",NA,"Kingdom"
"Lucas Carvalho","Level 2",NA,NA,NA,NA
"Lucia Andrade","Certified",NA,NA,NA,NA
"Lucien Sanchez Zuber","Level 2","Ashtanga on ","Earth Paris",NA,"France"
"Luis De Llano","Level 2","","Yoga Karuna Berlin Berlin",NA,"Germany"
"Luke Jordan","Certified","","Yoga Club Colares Sintra",NA,"Portugal"
"Luo Xu (Lucy Luo)",NA,NA,NA,NA,NA
"Maarit Nevanpera","Level 1","","Yoga School Helsinki Helsinki",NA,"Finland"
"Malissa Larson","Level 1",NA,"Yoga Buffalo Buffalo New York United States",NA,"of America"
"Mani Trikam","Level 1","","Nilaya Brisbane","QLD","Australia"
"Manuel Ferreira","Level 2","","Room Kuala Lumpur",NA,"Malaysia"
"Mara Reina",NA,NA,NA,NA,NA
"Marcos Rodriguez","Level 1","","Yoga Covent Garden London United",NA,"Kingdom"
"Marcos Silva","Level 2","","Yoga Recife Recife Pernambvco",NA,"Brazil"
"Margaret Chiu","Level 2","","Clinic Shanghai",NA,"China"
"Margarita Menendez Allende","Level 2","","Yoga Studio Cuernavaca Moreios",NA,"Mexico"
"Maria Antonieta Ortiz Colmenero (Toni)","Level 2","Mysore CDMX Miguel Hidalgo Ciudad de ","Miguel Hidalgo Ciudad",NA,"de Mexico Mexico"
"Maria Beatrice Truffelli","Level 1","","Yoga Sevilla Sevilla",NA,"Spain"
"María Di Masso Cervera","Level 2","","Yoga Shala Rosario Rosario Santa Fe",NA,"Argentina"
"Maria do Céu Sarlo","Level 1","Shala Céu Ashtanga Yoga Rio de ","Ashtanga Yoga Rio",NA,"de Janeiro Brazil"
"Maria Dzisoo","Level 2","You","Rostock Rostock",NA,"Germany"
"Maria Jose Gidi",NA,NA,NA,NA,NA
"Maria Laura (Marilu) Casalino","Level 1","Ikara Ashtanga Yoga Retreat Kuta, Pujut Lombok, ","West Nusa Tenggara",NA,"Indonesia"
"Maria Mora (Teté)","Level 2","","Ashtanga Guadalajara Guadalajara Jalisco",NA,"Mexico"
"Mariana Suarez","Level 1","","Yoga Bolivia Santa Cruz De La Sierra Santa Cruz",NA,"Bolivia"
"Maria Papaioannou","Level 2","","Yoga Studio Psyhiko Athens",NA,"Greece"
"Maria Romualdez","Level 1",NA,"Yoga Las Vegas Las Vegas","NV","United States of America"
"Maria Shalimova","Level 2","","Yoga Moscow Moscow",NA,"Russia"
"Maria Tsakona","Certified","","Yoga Ashtanga Athens Athens Attiki",NA,"Greece"
"Maria Turke","Level 1","","Yogazentrum Vienna Vienna",NA,"Austria"
"Maria Whittaker","Level 1","","Ashtanga Yoga Victoria","BC","Canada"
"Marie Gard Venvik","Level 2","Mysore","Oslo",NA,"Norway"
"Marie Geoffroy","Level 2",NA,NA,NA,NA
"Mariela Cruz","Level 2","","Mysore Program Delhi New Delhi",NA,"India"
"Mariia Korobova",NA,NA,NA,NA,NA
"Mariko Matsumoto","Level 2","","Life Sumsuun Nakagawa Fukuoka",NA,"Japan"
"Mark Robert Cupit","Level 1","","Yoga Guildford Guildford Surrey United",NA,"Kingdom"
"Marque Garaux","Level 2",NA,"Lakes Ashtanga Yoga Geneva Ohio United States",NA,"of America"
"Marta Magdalena Glowacka","Level 2","","Nilayam Singapore",NA,"Singapore"
"Martina Heuser Pereira","Level 2","","Yoga Porto Alegre Porto Alegre Rio Grande Do Sul",NA,"Brazil"
"Martyna Syguda","Level 2","","Yoga Luzern Luzern",NA,"Switzerland"
"Maryam Dalkilic","Level 2","","Yoga Vancouver Vancouver British Columbia",NA,"Canada"
"Mary Flinn","Level 1",NA,"Flinn Yoga New York United States",NA,"of America"
"Mary Margaret “Maggie” Lively","Level 1",NA,"Nation Arlington Virginia United States",NA,"of America"
"Mary Powell","Level 2","","Yoga Oxford Oxford Oxfordshire United",NA,"Kingdom"
"Marzhan Shotay",NA,NA,NA,NA,NA
"Masafumi Nishi","Level 1","Shonan Yoga Centre - ","Ashtangayoga Shonan Fujisawa Kanagawa",NA,"Japan"
"Masato Kobata",NA,NA,NA,NA,NA
"Mateusz Deker","Level 2","Yoga Academy Poznań ","Greater Poland",NA,"Poland"
"Matias de Biedma","Level 2","","House Berlin Berlin",NA,"Germany"
"Mati Guerra","Level 2","Ashtanga del mar Viña del mar ","Valparaiso",NA,"Chile"
"Matthew Ryan","Level 2","","Ryan Yoga Deal Kent United",NA,"Kingdom"
"Matthew Sweeney","Level 2",NA,"Yoga Houston Houston Texas United States",NA,"of America"
"Mattia Bertoli","Level 1",NA,NA,NA,NA
"Mauricio Victorica",NA,NA,NA,NA,NA
"Max Lapshin","Level 2",NA,"Yoga Gorky Nizhniy Novgorod Nizhegorodskaya",NA,"oblast Russia"
"Max Pascal","Level 2","","Yoga Wroclaw",NA,"Poland"
"Maya Hamada","Level 2","Concept Studio veda ","Studio",NA,"veda Minato Tokyo Japan"
"Megan Drozd","Level 2",NA,"Chicago Chicago Illinois United States",NA,"of America"
"Megan Monserez",NA,NA,NA,NA,NA
"Megan Riley","Certified","","Yoga Center Utrecht Utrecht The",NA,"Netherlands"
"Meghan Kirk","Level 2",NA,"Philadelphia Philadelphia","PA","United States of America"
"Megumi Inoue Pape","Level 2",NA,"Honolulu Hawaii United States",NA,"of America"
"Melina Vlachou","Level 2","","Yoga Kifisia Athens Attiki",NA,"Greece"
"Melissa Lau","Level 1",NA,NA,NA,NA
"Melissa Stark","Level 2","","Bali",NA,"Indonesia"
"Michael Becker",NA,NA,NA,NA,NA
"Michael Durand Schabort","Level 2","Mysore Yoga Cape Town, MYCPT ","Cape Town Western Cape South",NA,"Africa"
"Michael Guiou","Level 2",NA,"Street Ashtanga New York United States",NA,"of America"
"Michael Joel Hall","Level 2",NA,"Ashtanga Washington","DC","United States of America"
"Michael Jung-Tang Lee","Level 2","Ashtanga Yoga Taipei - AYTPE ","Taipei",NA,"Taiwan"
"Michelle Brady","Level 2","","Yoga Surf Coast Northern Rivers","NSW","Australia"
"Michelle Pichert",NA,NA,NA,NA,NA
"Michelle Song","Level 2",NA,"Yoga Narayani San Marino","CA","United States of America"
"Miho Reineke-Kriete","Level 2","","Yoga Berlin Kreuzberg Berlin",NA,"Germany"
"Mikhail Platov",NA,NA,NA,NA,NA
"Milanda Soenarto","Level 2","Soulbox Ashtanga Yoga Jakarta Jakarta Selatan DKI ","Ashtanga Yoga Jakarta Jakarta Selatan","DKI","Jakarta Indonesia"
"Milena Jovanovic","Level 1","","Yoga Shanghai Shanghai",NA,"China"
"Miloslawa Hutna-Guzewicz",NA,NA,NA,NA,NA
"Mina Kang","Level 2",NA,"Yoga Busan Busan Republic",NA,"of Korea"
"Mina Shimizu","Level 2","","Yoga Ashiya Ashiya Hyogo",NA,"Japan"
"Minkyoung Kim","Level 2",NA,"Seoul Seoul Republic",NA,"of Korea"
"Mira Johanna Sattelberger","Level 2","","Spirit Munich Munich",NA,"Germany"
"Mi Suk Choi","Level 2",NA,"Busan Republic",NA,"of Korea"
"Miyuki Suga","Level 1","Ashtanga Yoga GK2 ","New Delhi Delhi",NA,"India"
"Momo (Michiko Konishi)","Level 2","IYC- ","International Yoga Center Suginamiku Tokyo",NA,"Japan"
"Monica Arellano","Level 2",NA,"Life Center Miami Beach Florida United States",NA,"of America"
"Monica Gonzalez Sanchez","Level 2","","Ashtanga Yoga Puerto Vallarta Jalisco",NA,"Mexico"
"Monica Gullickson",NA,NA,NA,NA,NA
"Monica Marinoni","Level 2","","Yoga Auroville Auroville Tamil Nadu",NA,"India"
"Monika Poplawska","Level 1","","Warsaw Warsaw Mazowieckie",NA,"Poland"
"Moones Khoshbakht",NA,NA,NA,NA,NA
"Moonsik Seo","Level 2",NA,"Republic",NA,"of Korea"
"Morgan Johansson",NA,NA,NA,NA,NA
"Morgan Lee","Level 2",NA,"Santa Monica California United States",NA,"of America"
"Mozart Reina","Level 2",NA,"Siargao Surigao",NA,"del norte Philippines"
"Myungsun Lim","Level 2",NA,"Seoul Republic",NA,"of Korea"
"Nadia Stinga Rihani","Level 2","","Yoga Manly Manly Beach","NSW","Australia"
"Nadira Mohsin","Level 1","Art of ","Yoga Singapore",NA,"Singapore"
"Naho Aoki","Level 2","Tokyo Yoga, Practice Shibuya Ashtanga Yoga Shibuya-ku ","Tokyo",NA,"Japan"
"Nanae Kikuchi","Level 2","Ashtanga Yoga Shinagawa Minato-","Tokyo",NA,"Japan"
"Naoki Torii","Level 2","","Alps Yoga Center Matsumoto Nagano",NA,"Japan"
"Naomi Misawa",NA,NA,NA,NA,NA
"Naomi Worth","Level 1",NA,"Yoga Charlottesville Charlottesville","VA","United States of America"
"Naomi Yasu",NA,NA,NA,NA,NA
"Natalé Ferreira","Level 1",NA,"Yoga South Bay Hermosa Beach California United States",NA,"of America"
"Natalia A. Correa Mitrovic","Level 2","","Yoga Squamish Squamish British Columbia",NA,"Canada"
"Natalia Paisano Felipe","Level 2","Mysore House Mallorca Palma de ","House Mallorca Palma",NA,"de Mallorca Islas Baleares Spain"
"Natalia Pepik (ex.Nevolina)",NA,NA,NA,NA,NA
"Natalia Savina","Level 2","","Yoga Moscow",NA,"Russia"
"Natalia Senina","Level 2","","Yoga Shala Moscow Moscow",NA,"Russia"
"Natalie Rasmey Devi Onezime","Level 2","","Yoga Phnom Penh Phnom Penh",NA,"Cambodia"
"Natassia Maia",NA,NA,NA,NA,NA
"Natella Abramian","Level 1","","Fit Tashkent",NA,"Uzbekistan"
"Nathalie Daou","Level 2","","Shala Dubai Dubai United Arab",NA,"Emirates"
"Nathalie Najem","Level 2","","Yoga Studio Beirut",NA,"Lebanon"
"Nathan Robin Wilton",NA,NA,NA,NA,NA
"Nawarat Teeraprasert","Level 2","","Samasthiti Bangkok",NA,"Thailand"
"Nea Ferrier","Level 2","","Yoga Dubai Dubai United Arab",NA,"Emirates"
"Nelia Romanova",NA,NA,NA,NA,NA
"Ngurah Insan P.Adinata","Level 2","Adiyasa Yoga Shala Ubud - ","Gianyar Bali",NA,"Indonesia"
"Nicholas Paul Evans","Level 2","","Yoga Eindhoven Eindhoven The",NA,"Netherlands"
"Nicholas Presser","Level 2","","Amsterdam Amsterdam The",NA,"Netherlands"
"Nick Ruechel",NA,NA,NA,NA,NA
"Nico Cooper","Level 1",NA,NA,NA,NA
"Nicola Harpin","Level 1","Yoga at the ","Reach Sheffield Sheffield South Yorkshire United",NA,"Kingdom"
"Nicolas Legrez","Level 1","","Paris Paris",NA,"France"
"Nicole Lastova",NA,NA,NA,NA,NA
"Nieves Lahuerta","Level 2","","Shala Yoga Accra",NA,"Ghana"
"Nikki Fulford","Certified","","Studio Bondi Junction","NSW","Australia"
"Nikolas Michos","Level 1","","Center Regensburg Regensburg Bavaria",NA,"Germany"
"Nitesh Batra","Level 1","","Yoga Sadhna Bengaluru Karnataka",NA,"India"
"Nitesh Saini",NA,NA,NA,NA,NA
"Nnadi Harriott","Level 1","People of ","Astanga Singapore",NA,"Singapore"
"Noelle Destefano",NA,NA,NA,NA,NA
"Nuno Vintem","Level 1","","Yoga Studio Ericeira",NA,"Portugal"
"Nuria Schneider","Level 2","Ibiza Mysore Ashtanga yoga ","Mysore Ashtanga",NA,"yoga Madrid Spain"
"Odette Beswick","Level 2","","Corner Perth Western Australia",NA,"Australia"
"Oh Jieun","Level 2",NA,"Seoul Republic",NA,"of Korea"
"Ok Hee Lee","Level 2",NA,"Yoga Studio Yangsan Si Gyeongsangnam Do Republic",NA,"of Korea"
"Oksana Gorkina","Level 2","","Ashtanga Yoga School Moscow",NA,"Russia"
"Olga Iushkova",NA,NA,NA,NA,NA
"Olga Totochenko","Level 1","","Yoga Geneva Geneva",NA,"Switzerland"
"Olga Vergei","Level 2","Yoga Shala S","Shala",NA,"SPb Saint Petersburg Saint Petersburg Russia"
"Olivier David",NA,NA,NA,NA,NA
"Olof (Olle) Larsson",NA,NA,NA,NA,NA
"Outi Sirviö","Level 1","Outi Sirviö ","Yoga Helsinki",NA,"Finland"
"Pablo Pirillo","Level 2","","Yoga Palermo Caba Buenos Aires",NA,"Argentina"
"Paloma Tamayo Almada","Level 2",NA,"Yoga New York New York City United States",NA,"of America"
"Paloma Villela",NA,NA,NA,NA,NA
"Pamela Luther","Level 2","","Ashtanga Bundagen","NSW","Australia"
"Paola Napolitano","Level 1","","Yoga Sassari Sassari Italy",NA,"Italy"
"Park Somin","Level 2",NA,"Daejeon Republic",NA,"of Korea"
"Pat Prada","Level 1","","Yoga Eixample Barcelona",NA,"Spain"
"Patricia Acuña Ruiz",NA,NA,NA,NA,NA
"Patricia Amado","Level 1",NA,"Florida United States",NA,"of America"
"Patricia Rudolph",NA,NA,NA,NA,NA
"Patrick Frapeau","Level 2","Mysore practice in ","Paris Paris",NA,"France"
"Patrick Nolan","Level 2",NA,"Yoga Phulla Miami Springs Florida United States",NA,"of America"
"Patrick Tolentino Santos","Level 2","","Yoga Manila Makati City Metro Manila",NA,"Philippines"
"Patty Strulovic","Level 2","","Panama Panama City",NA,"Panama"
"Paul Kleesmaa","Level 2","","Yoga Nottingham Nottingham Nottinghamshire United",NA,"Kingdom"
"Pavithra","Level 2","","Yoga Shala Hebri Karnataka",NA,"India"
"Paz Daniela Muñoz Sepúlveda","Level 2","Casa Pazzifica Santiago de ","Pazzifica Santiago",NA,"de Chile Santiago Chile"
"Pedro Rubio Pino","Level 2","","Love Yoga Lima",NA,"Peru"
"Pelin Gulmez","Level 2","","Istanbul Istanbul Istanbul",NA,"Turkey"
"Peng Peggy","Level 2","Peggy's yoga house ","New Taipei City",NA,"Taiwan"
"Pepe M Mas","Level 2","","Yoga Palma Helsinki",NA,"Finland"
"Peter Sanson","Certified","Ashtanga Yoga Hawkes Bay Hawke’s ","Bay New",NA,"Zealand"
"Peter Santos Rego","Level 2","Ashtanga Yoga City of ","Yoga City",NA,"of London London United Kingdom"
"Philippa Asher","Certified","","Nirvrta London United",NA,"Kingdom"
"Pia Lehtinen","Certified","","Yoga Helsinki Helsinki",NA,"Finland"
"Pierangelo Caimi Rossello","Level 2",NA,NA,NA,NA
"Pilar de Miguel","Level 2","Ashtanga Yoga Mallorca Palma de ","Yoga Mallorca Palma",NA,"de Mallorca Spain"
"Pinelopi Grigoraki","Level 1","","Yoga Ashtanga Heraklion Heraklion Crete",NA,"Greece"
"Piotr Kurpiasz","Level 1","","Yoga Studio Wroclaw",NA,"Poland"
"PJ Heffernan","Level 2",NA,"Milwaukee Wisconsin United States",NA,"of America"
"Prashant Kumar",NA,NA,NA,NA,NA
"Pratham Aswal","Level 2","","Ashtang Yog Shala Delhi Delhi",NA,"India"
"Preetham R.V","Level 2","","Yoga Hyderabad Telangana",NA,"India"
"Priscila Navarini Coutinho","Level 2","","Yoga Sao Paulo Sao Paulo",NA,"Brazil"
"Priya Jhawar","Level 2",NA,"Yoga Austin Austin Texas United States",NA,"of America"
"Przemyslaw Nadolny","Level 2","","Republic Warsaw Masovian",NA,"Poland"
"Rachel Nystrom","Level 2",NA,"Yoga Houston Houston Texas United States",NA,"of America"
"Rachel Reid","Level 1","","Yoga Victoria Victoria British Columbia",NA,"Canada"
"Rachel Wong","Level 2","Spirit Yoga Studio Osaka-","Osaka",NA,"Japan"
"Rafael Martinez Alcaraz","Level 1","","House Madrid Madrid",NA,"Spain"
"Raisa Heinämäki",NA,NA,NA,NA,NA
"Rakesh Jain","Level 1","","Ashtanga Yoga Mysuru Karnataka",NA,"India"
"Ramiro Ventura","Level 2","Deva Yoga Shala Palma de ","Yoga Shala Palma",NA,"de Mallorca Spain"
"Ranko Stoiljkovic","Level 2","","Yoga Belgrade Belgrade",NA,"Serbia"
"Raquel Lopez Ramirez",NA,NA,NA,NA,NA
"Rebecca Bath",NA,NA,NA,NA,NA
"Réka Molnár",NA,NA,NA,NA,NA
"Richard Ray","Level 2",NA,"Portland Maine Portland Maine United States",NA,"of America"
"Rie Kazusa","Level 1","","Kyoto Kyoto",NA,"Japan"
"Rina Katayama","Level 1","","Toyama Toyama",NA,"Japan"
"Robbie Cavallero","Level 1",NA,"Yoga Stanford University Stanford California United States",NA,"of America"
"Roberta Rodrigues","Level 1",NA,NA,NA,NA
"Robert Watt","Level 1","","Vancouver Yoga Shala Vancouver British Columbia",NA,"Canada"
"Robin Ward","Level 2","","Yoga Azores Azores",NA,"Portugal"
"Rocio Molina Espinosa",NA,NA,NA,NA,NA
"Rocket Caleshu","Level 2",NA,"Yoga Glassell Los Angeles","CA","United States of America"
"Rodrigo Rivas","Level 2","","Yoga Shakti Santiago","RM","Chile"
"Rosangela Castellari","Level 2","","Korunta Sao Paulo","SP","Brazil"
"Rosa Tagliafierro","Level 1","","Yoga Italia Milano",NA,"Italy"
"Rossella Govoni","Level 2",NA,NA,NA,NA
"Russell Case","Level 2","","Mysore Room Calgary Alberta",NA,"Canada"
"Ruzica Matagic","Level 2",NA,NA,NA,NA
"Saadet Liman","Level 1","","Yoga Center",NA,"Turkey"
"Sabine Schulz","Level 1","","Yoga Allgaeu Oberguenzburg Bavaria",NA,"Germany"
"Sachie Lapham","Level 2","","Yoga Newquay Newquay Cornwall United",NA,"Kingdom"
"Sachin Badoni","Level 1","","Yoga Shala Rishikesh Rishikesh Uttarakhand",NA,"India"
"Sagar Karahe","Level 2","","Yoga Sao Paulo Sao Paulo",NA,"Brazil"
"Sagitova Aleksandra","Level 2","","Yoga School Yekaterinburg Ural",NA,"Russia"
"Sally Bacon Reynolds","Level 1",NA,"Soul Yoga Chattanooga","TN","United States of America"
"Samantha F. Lucas","Level 1",NA,"Yoga Upstate Amenia New York United States",NA,"of America"
"Samuel Brown",NA,NA,NA,NA,NA
"Samuel Glannon","Level 2",NA,"Cambridge Cambridge Massachusetts United States",NA,"of America"
"Sanae Uchida",NA,NA,NA,NA,NA
"Sandeep. I. Sharma","Level 2","","Yogashraya Pune Maharashtra",NA,"India"
"Sandeep Kumar",NA,NA,NA,NA,NA
"Sandeep M Shivashankar","Level 1","","Purusha Ashtanga Yoga Shala Mysuru Karnataka",NA,"India"
"Sandesha Hegde",NA,NA,NA,NA,NA
"Sandi Rakhimbayeva","Level 2","SS ","Ashtanga Yoga Almaty",NA,"Kazakhstan"
"Sandra Vaz",NA,NA,NA,NA,NA
"Sang Yeon Ahn","Level 1","","Stockholm",NA,"Sweden"
"Sanjana. S",NA,NA,NA,NA,NA
"Sanjay Subbanna","Level 1","Yoga mit ","Sanjay Munich Bavaria",NA,"Germany"
"Santina Giardina Chard","Level 2","","San Yoga Queensland",NA,"Australia"
"Sara Björs","Level 1","","Yoga Malmo Malmo Scania",NA,"Sweden"
"Sarah Jane Burkholz","Level 2",NA,"The Front Climbing Club Salt Lake City Utah United States",NA,"of America"
"Sarah Kozlowski",NA,NA,NA,NA,NA
"Sarah Miles","Level 2","","Yoga Brighton Brighton United",NA,"Kingdom"
"Sarah Wilkins","Level 2","Ashtanga Yoga with ","Yoga",NA,"with Sarah Berlin Germany"
"Sara Stangertz","Level 2","","Fernando Ashtanga Gothenburg",NA,"Sweden"
"Sari Hanski",NA,NA,NA,NA,NA
"Sasha Masiello Arias","Level 2","","Yoga Fortaleza Fortaleza Ceara",NA,"Brazil"
"Saskia Randt","Level 2","","Yoga Berlin Kreuzberg Berlin",NA,"Germany"
"Sat Inder S. Khalsa",NA,NA,NA,NA,NA
"Satoru Hiraki","Level 1","","With Satoru Bangkok",NA,"Thailand"
"Satu Susanna Rommi",NA,NA,NA,NA,NA
"Savin George Vladislavovich","Level 1","Yoga of the ","Breath Moscow",NA,"Russia"
"Sayaka Ohba","Level 2","Ashtanga Yoga Nagoya Nagoya-shi ","Aichi",NA,"Japan"
"Scott Parsons","Level 1","","Coast Yoga Center Poole Dorset United",NA,"Kingdom"
"Sean Toland","Level 1","","Studio Paris",NA,"France"
"Se Hwan Jang","Level 2",NA,"Republic",NA,"of Korea"
"Seiya Shimizu","Level 1","","Yoga Kobe Kobe City Hyogo Ken",NA,"Japan"
"Sejal Gupta",NA,NA,NA,NA,NA
"Senol Topuz",NA,NA,NA,NA,NA
"Seo-Myeong Lee",NA,NA,NA,NA,NA
"Sergio Ramos","Level 2","Ashtanga Yoga Nazaré ","Nazare",NA,"Portugal"
"Seta Boroyan","Level 2","","Zurich","ZH","Switzerland"
"Seulki Jung",NA,NA,NA,NA,NA
"Seung-eun Lee","Level 1",NA,"Yoga Centre Seoul Republic",NA,"of Korea"
"Seung Jun Kim",NA,NA,NA,NA,NA
"Seungyeon Hong","Level 2",NA,"Yoga Seoul Republic",NA,"of Korea"
"Sevasti (Tania) Kemou","Level 2","","Yoga Athens",NA,"Greece"
"Shakira Williams Bouwer","Level 1","TrueSelf Centre of ","Centre",NA,"of Being St Andrews Jamaica West Indies"
"Shanna R. White","Level 1",NA,"County Ashtanga Yoga Oak Hill Florida United States",NA,"of America"
"Sharmila Desai","Certified","","Yoga Morjim Morjim Goa",NA,"India"
"Sharon Ghanime","Level 2",NA,"Milwaukee Milwaukee Wisconsin United States",NA,"of America"
"Shelley Washington",NA,NA,NA,NA,NA
"Shen Li Juan","Level 2","","Venchy Shanghai",NA,"China"
"Shiho Akiyama","Level 2","","Yoga Mysore Fukuoka Fukuoka Fukuoka",NA,"Japan"
"Shih Pei-Yu (Julia)","Level 2",NA,"Puli",NA,"town Nantou county Taiwan"
"Shi Hyun Cho","Level 2",NA,"Shala Seoul Republic",NA,"of Korea"
"Shino Fujita",NA,NA,NA,NA,NA
"Shiry Hod Rogovin",NA,NA,NA,NA,NA
"Shrikantha. S",NA,NA,NA,NA,NA
"Siauying Kam Paw (Siau)","Level 1","Mysore Mallorca Palma de ","Mallorca Palma",NA,"de Mallorca Islas Baleares Spain"
"Simona Nucera","Level 1","","Mandala Sellia Marina","CZ","Italy"
"Simon Chandler","Level 2","Yoga and ","Ayurveda Bude Cornwall United",NA,"Kingdom"
"Simon Cosmelli","Level 1","","Korunta Sao Paulo","SP","Brazil"
"Sirilak Khotmanee","Level 2","A.T Yoga & Pilates studio ","Pilates",NA,"studio Hangzhou Zhejiang China"
"Sneha Reddy Kondapally","Level 1","","Yoga Pondicherry Pondicherry",NA,"India"
"Sofía Benvenuto","Level 2","","Yoga Palermo Caba Buenos Aires",NA,"Argentina"
"Sofia Soori","Level 2","","Blido Norrtalje",NA,"Sweden"
"Sofia Xirotyri","Level 2","One","Athens",NA,"Greece"
"Sofie Puranen",NA,NA,NA,NA,NA
"Sofya Elfimova","Level 2","","Pattaya Studio Pattaya Chonburi",NA,"Thailand"
"Solange Domijan",NA,NA,NA,NA,NA
"Sonakshi Dhamija",NA,NA,NA,NA,NA
"Sonal Ishwar Sharma","Level 2","","Yogashraya Pune Maharashtra",NA,"India"
"Sonja Radvila",NA,NA,NA,NA,NA
"Sonja Radvila",NA,NA,NA,NA,NA
"Sooran Song","Level 2","","The Light Yoga School Tokyo Tokyo",NA,"Japan"
"Soo Young Kang (Nadi)","Level 2",NA,"Yoga Seoul Republic",NA,"of Korea"
"Sophie Mahy","Level 2","Ashtanga Mysore Gent Gent Oost-",NA,NA,NA
"Sowmini Madhu",NA,NA,NA,NA,NA
"So Young Choi",NA,NA,NA,NA,NA
"Soyoung Shin","Level 2",NA,"Hae Daejeon Republic",NA,"of Korea"
"Stacey Zimet","Level 2",NA,"New Orleans Los Angeles United States",NA,"of America"
"Stanley A Woodman","Level 2",NA,"Yoga Greenwich Greenwich","CT","United States of America"
"Stefania Caito","Level 1","","Shala Roma Rome",NA,"Italy"
"Stefania Valbusa","Level 1","Yoga Sutra Studio - ","Ashtanga Yoga Torino Torino Italy",NA,"Italy"
"Stefanie Traub","Level 2","Ashtanga Yoga Ellwangen Ellwangen Baden-",NA,NA,NA
"Steph Benatar",NA,NA,NA,NA,NA
"Stephen Lapham","Level 2","","Yoga Newquay Newquay Cornwall United",NA,"Kingdom"
"Steven Hyland","Level 1","Ashtanga Yoga Pattaya Bang Lamung (Pattaya City) ","Chonburi",NA,"Thailand"
"Stuart Bray","Level 1",NA,"Yoga Whitefish Whitefish Montana United States",NA,"of America"
"Sue Ellen Reyes","Level 2",NA,"Sue Ellen Waikoloa Hawaii United States",NA,"of America"
"Suna Park","Level 1",NA,"Republic",NA,"of Korea"
"Supama Chattopadhyay",NA,NA,NA,NA,NA
"Susan Hounsell","Level 2",NA,NA,NA,NA
"Susanna Finocchi",NA,NA,NA,NA,NA
"Suzanne Elizabeth El-Safty","Level 2","","Birmingham Birmingham United",NA,"Kingdom"
"Suzanne Forde","Level 1",NA,NA,NA,NA
"Sven Eberle",NA,NA,NA,NA,NA
"Tabata Trejo Briceno","Level 2","","Yoga Sat Barcelona",NA,"Spain"
"Taina Sandelin","Level 1","","Astanga Joogakoulu Helsinki",NA,"Finland"
"Takako Hamada",NA,NA,NA,NA,NA
"Takako Shinmura","Level 2","Mysore Urayasu Urayasu-shi ","Chiba",NA,"Japan"
"Tania Bond","Level 2","","Soho London United",NA,"Kingdom"
"Tanisha Walters",NA,NA,NA,NA,NA
"Tanja Düttra","Level 1","Ashtanga Yoga Mitte Köln / ","Cologne",NA,"Germany"
"Tanja Schøndorff","Level 2",NA,NA,NA,NA
"Tanya Golad","Level 1","","Evolvement London United",NA,"Kingdom"
"Tao Yan (Tao Yearn)","Level 2","","Beijing Beijing",NA,"China"
"Taran Dhillon","Level 2","","Yoga Abhyasa Chandigarh",NA,"India"
"Tara Sweeney",NA,NA,NA,NA,NA
"Tarik Thami","Certified","Tarik.com ","General Luna Siargao Island",NA,"Philippines"
"Tarik van Prehn","Level 1","Ocean Wyse Yoga Vila Nova de ","Wyse Yoga Vila Nova",NA,"de Milfontes Portugal"
"Tatiana Sergeeva",NA,NA,NA,NA,NA
"Tayfun Koc","Level 2","Ashtangayoga.","Ankara Cankaya",NA,"Turkey"
"Taylor Hunt","Level 2",NA,"Ashtanga Yoga Savannah Columbus Ohio United States",NA,"of America"
"Tenzing Tseten","Level 1","TenzingYoga - ","Ashtanga Shala Pondicherry Pondicherry Pondicherry",NA,"India"
"Tetsuya Furukawa","Level 1","Yokohama Mysore, Ashtanga_","Yokohama Kanagawa",NA,"Japan"
"Teune van der Wildt","Level 2","Antwerp","Antwerp Antwerp",NA,"Belgium"
"Theopoula (Poly) Giannopoulou","Level 1","","Ashtanga Yoga Shala Ambelokipi Athens",NA,"Greece"
"Theresa Keen","Level 1","Keen on ","Yoga London United",NA,"Kingdom"
"Thiago Villa Verde da Rosa e Silva","Level 2","Ashtanga rio yoga shala Rio de ","Rio",NA,"de Janeiro Brazil"
"Thimo Wittich","Level 1",NA,"Yoga New York United States",NA,"of America"
"Thoai Huong Hoang","Level 2","Huong Yoga Frankfurt am ","Yoga Frankfurt",NA,"am Main Hesse Germany"
"Thomas Norrington Davies","Level 2","","Yoga London London United",NA,"Kingdom"
"Thomas Smith",NA,NA,NA,NA,NA
"Tiago Filipe Oliveira Fernandes Prieto","Level 1","Casa do Ser Ashtanga Yoga Shala Viana do ","Ser Ashtanga Yoga Shala Viana",NA,"do Castelo Portugal"
"Tiana Harilela","Level 1","","Odemira Beja",NA,"Portugal"
"Tim Feldmann","Level 2",NA,"Life Center Miami Beach Florida United States",NA,"of America"
"Tina Bock",NA,NA,NA,NA,NA
"Tina Inserra",NA,NA,NA,NA,NA
"Ting Yu Wang","Level 1","","Yoga New Taipei",NA,"Taiwan"
"Todd Boman","Certified",NA,"Chicago Yoga Chicago","IL","United States of America"
"Todd Roderick","Level 1",NA,"Yoga Atlanta Atlanta Georgia United States",NA,"of America"
"Tomoko Takahashi","Level 1","","Bean Nagoya Aichi",NA,"Japan"
"Tomomi Takeuchi","Level 2","","Mysore Ashtanga Yoga Kitahama Osaka",NA,"Japan"
"Tonya Ruddick","Level 2",NA,"Yoga San Francisco San Francisco California United States",NA,"of America"
"Tracy West","Level 2","","Yoga Birmingham Birmingham West Midlands United",NA,"Kingdom"
"Tsimpinos Dimitrios","Level 1","","Ashtanga Yoga Shala Ambelokipi Athens",NA,"Greece"
"Ulrike Mett",NA,NA,NA,NA,NA
"Unsal Ozcan","Level 1","","Yoga Canakkale Canakkale",NA,"Turkey"
"Ursula Aaltonen","Level 2","Ashtanga Yoga Helsinki (Helsingin Astanga Joogakoulu) ","Helsinki",NA,"Finland"
"Ursula Scott",NA,NA,NA,NA,NA
"Usha Rani Chittoor","Level 1","","Yoga Centre Mysuru Karnataka",NA,"India"
"Valentina Ramos Asmus","Level 2","","Yoga Porto Aelgre Porto Alegre Rio Grande Do Sul",NA,"Brazil"
"Valerie Lee","Level 1","","Yoga Shala Singapore",NA,"Singapore"
"Vance Selover","Level 2",NA,"Yoga Berkeley Berkeley California United States",NA,"of America"
"Vania Passini","Level 1","","Ashtanga Yoga Modena",NA,"Italy"
"Vasilii Shishkin","Level 1","The teachers ","Sochi",NA,"Russia"
"Vasuda Giri",NA,NA,NA,NA,NA
"Vera Monica Lages Simões","Level 2","","Cascais Yoga Shala Cascais Lisbon",NA,"Portugal"
"Veronica Fernandez Capponi",NA,NA,NA,NA,NA
"Veronique Tan","Level 2","Mysore Tattva Osaka Osaka-shi ","Osaka",NA,"Japan"
"Vesta Mauch","Level 1","","Montreux Montreux",NA,"Switzerland"
"Vibeke Klemetsen",NA,NA,NA,NA,NA
"Victoria Rossello","Level 1",NA,"Yoga Shala Palma",NA,"de mallorca Spain"
"Vikramjeet Singh",NA,NA,NA,NA,NA
"Vikram Saini","Level 1","","Yoga Jaipur Jaipur Rajasthan",NA,"India"
"Vivian Bedford","Level 2",NA,"Bandha Room Olympia","WA","United States of America"
"Viviane Simon","Level 1","","Tenerife Los Abrigos Santa Cruz De Tenerife",NA,"Spain"
"Vivian Lee Kit Yu (Prema)","Level 2",NA,NA,NA,NA
"Wade Oakley","Level 2",NA,"Yoga Club Richmond Virginia United States",NA,"of America"
"Walter Sebastian Ferreyra","Level 2","","Yoga Tucuman Yerba Buena Tuluman",NA,"Argentina"
"Wangbei (Belle)","Level 2","Yuan Zhi Su Yoga (Element Yoga - Ashtanga Yoga Shala) ","Shanghai",NA,"China"
"Wang Qian (Wendy)","Level 2","","Beijing Beijing",NA,"China"
"Wang Xiang Kong","Level 2","","Yuan Yu She Wu Hu An Hui",NA,"China"
"Wang Yan","Level 2","Ashanga ChengDu Cheng","Sichuan",NA,"China"
"Watanawone Wonepan","Level 1","","Samasthiti Bangkok",NA,"Thailand"
"Wei Li",NA,NA,NA,NA,NA
"William Bill Brundell",NA,NA,NA,NA,NA
"William Mushkin","Level 2",NA,"Yoga Denver Denver Colorado United States",NA,"of America"
"Wong Kin Cheung Spencer (Ken)","Level 2","","Yoga Shanghai",NA,"China"
"Woody Lai (Lai, Wu-te)","Level 1",NA,"One Shala Taichung",NA,"city Taiwan"
"Wooseok Yang","Level 2",NA,"Seoul Republic",NA,"of Korea"
"Ximena Cortes",NA,NA,NA,NA,NA
"Xinia Alderson","Level 2","www.xinyoga.co.nz ","Auckland New",NA,"Zealand"
"Yaelle Wittes","Level 2","","Montreal Montreal Quebec",NA,"Canada"
"Yaelle Wittes","Level 2","","Montreal Montreal Quebec",NA,"Canada"
"Yana Komarnitskaya",NA,NA,NA,NA,NA
"Yana Selitskaya","Level 2","","Yoga Barcelona",NA,"Spain"
"YanLi Sui (Jade)","Level 1","","Yoga Shanghai",NA,"China"
"Yan Ong","Level 2","","Room Kuala Lumpur",NA,"Malaysia"
"Yeganeh Ghasemi","Level 1","","Tehran Tehran",NA,"Iran"
"Yen-Hui, Chen","Level 1","YogaOne (Yoga in One) ","Taiwan Taichung",NA,"Taiwan"
"Yenai Aguilar",NA,NA,NA,NA,NA
"Yeong Lee","Level 2",NA,"Ashtanga Republic",NA,"of Korea"
"Yerang Min","Level 2",NA,"Ashtanga Daejeon Republic",NA,"of Korea"
"Yogesh Saini","Level 2","","Yoga Moembris Bavaria",NA,"Germany"
"Yoko Matsuzaki","Level 1","Ashtanga Yoga Okayama Okayama-shi ","Okayama",NA,"Japan"
"Yoonjung Choi","Level 2",NA,"Busan Republic",NA,"of Korea"
"Yosuke Okamoto",NA,NA,NA,NA,NA
"You ji Hye","Level 2",NA,"Mysore Yoga Daegu Republic",NA,"of Korea"
"Youngblood Roche","Level 2","","Ashtanga Yoga Shala Stepney South Australia",NA,"Australia"
"Young Lee (Nikki)","Level 2",NA,"Republic",NA,"of Korea"
"Youngsoo Ha","Level 2",NA,"Republic",NA,"of Korea"
"Youngsu Im","Level 2",NA,"Republic",NA,"of Korea"
"Yuan Fu Wang","Level 1","","Yoga Chiayi City",NA,"Taiwan"
"Yuan Yuan Zhang (Dawn)","Level 2","OSAYS - ","Origanic Soul Ashtanga Yoga Shala Dali Yunnan",NA,"China"
"Yujung Choi","Level 2",NA,"Vidya Seoul Republic",NA,"of Korea"
"Yuka Ito",NA,NA,NA,NA,NA
"Yuka Nishizawa","Level 1","Ashtangayoga [ ३ : Tri ] ","Kagoshima Kagoshima",NA,"Japan"
"Yuki Kato","Level 2","","Beppu Beppu Oita",NA,"Japan"
"Yuki Sakuma",NA,NA,NA,NA,NA
"Yuki Shimada","Level 2","","Shraddha Katano Osaka",NA,"Japan"
"Yuko Matsueda",NA,NA,NA,NA,NA
"Yuling – Fu (A-Ling)","Level 2","A-Ling's ","Yoga Shala Kaohsiung City",NA,"Taiwan"
"Yuliya Perova","Level 2","","Yoga School Blagoveshchensk Amur Region",NA,"Russia"
"Yumiko Sone","Level 1","","Takarazuka Takarazuka Hyogo",NA,"Japan"
"Yumi Noda","Level 2","Ashtanga Yoga Birdy Kyoto Nakagyo-ku ","Kyoto",NA,"Japan"
"Yun Jin Heo","Level 2",NA,"Ashtang Yoga Asasha Incheon Republic",NA,"of Korea"
"Yuxuan","Level 2","","Cheng Yoga Pilates Tianjin Tianjin",NA,"China"
"Yuya Sarashina","Level 2","","Sarashina Yoga Works Tokyo",NA,"Japan"
"Zaira Gomez","Level 2","","Ashtanga Yoga Mexico City",NA,"Mexico"
"Zephyr Mercer","Level 2","","Ealing Ealing London United",NA,"Kingdom"
"Zoë Slatoff","Level 2",NA,"Yoga Upper West Side New York United States",NA,"of America"
"Zou ZhenJie (Jason)","Level 1","Ashtanga Guangzhou GuangZhou Guang","Guangzhou",NA,"GuangZhou GuangDong China"
